Workbook

Sheet 导入模板
A1: TK 内容中台商品档案导入模板
A2: 第 3 行为接口字段名，请不要修改；第 4 行为中文说明；从第 5 行开始填写导入数据。多值字段使用英文逗号分隔，只读字段可留空。
A3: platformCode | B3: storeName | C3: siteCode | D3: pid | E3: sku | F3: pidUsage | G3: productOperationLevelName | H3: productOperationStatusName | I3: productTags | J3: seasonTags | K3: operatorOwner | L3: businessOwner | M3: guidanceOwner | N3: editorOwner | O3: liveOwner | P3: adOwner | Q3: tagPrice | R3: dailySalePrice | S3: liveFlashPrice | T3: campaignPrice | U3: amazonPrice | V3: sitePrice | W3: publicCommissionRate | X3: targetCommissionRate | Y3: adCommissionRate | Z3: ippcRegisterStatus | AA3: ippcRemark | AB3: productSellingPoints | AC3: productAnalysis | AD3: tkProductUrl | AE3: siteProductUrl | AF3: assetFolderUrl | AG3: sourceUpdateDate | AH3: updatedTime
A4: 平台代码（必填） | B4: 所属店铺（必填） | C4: 站点代码（只读） | D4: PID / 商品 ID（必填） | E4: SKU 编码 | F4: PID 作用 | G4: 商品运营级别 | H4: 商品运营状态 | I4: 商品标签 | J4: 季节标签 | K4: 负责运营 | L4: 负责商务 | M4: 负责指导 / 编导 | N4: 负责剪辑 | O4: 直播运营 | P4: 投放负责人 | Q4: 吊牌价 | R4: 日常折线价 | S4: 直播间秒杀价 | T4: 活动报名价 | U4: 亚马逊定价 | V4: 独立站价格 | W4: 公开佣金比例 | X4: 定向佣金比例 | Y4: 广告佣金比例 | Z4: IPPC 注册情况 | AA4: IPPC 情况说明 | AB4: 产品卖点 | AC4: 商品分析说明 | AD4: TK 商品链接 | AE4: 独立站商品链接 | AF4: 素材文件夹链接 | AG4: 源数据更新日期（只读） | AH4: 档案更新时间（只读）
A5: TK | B5: 示例店铺 | C5: US | D5: PID_1729384756000000000 | E5: SKU-001-BLACK-S | F5: 主推款 | G5: A | H5: 重点运营 | I5: 新品,热卖 | J5: 春,夏 | K5: 张三 | L5: 李四 | M5: 王五 | N5: 赵六 | O5: 钱七 | P5: 孙八 | Q5: 29.99 | R5: 24.99 | S5: 19.99 | T5: 21.99 | U5: 32.99 | V5: 27.99 | W5: 10 | X5: 12 | Y5: 8 | Z5: 已注册 | AA5: 证书资料已归档 | AB5: 轻薄透气，适合夏季穿着 | AC5: 适合短视频种草和直播间转化 | AD5: https://www.tiktok.com/shop/pdp/example | AE5: https://example.com/products/demo | AF5: https://example.com/folder/demo | AG5: 2026-07-23 | AH5: 2026-07-23 10:30:00
A6: TK | B6: Faiable Fashion | C6: US | D6: 1729439482671567205 | E6: AL-W0169 | F6: 主推款 | G6: A | H6: 重点运营 | I6: 老品,热销 | J6: 秋,冬 | K6: 邹徐夏子 | L6: 张筱敏 | M6: 无 | N6: 剪辑全员 | P6: 邹徐夏子 | Q6: =VLOOKUP(E6,Sheet1!A:C,2,0) -> 99.99 | R6: =VLOOKUP(E6,Sheet1!A:C,3,0) -> AL-W0169/53.99 AL-W0150/53.99 AL-W0190B/53.99 AL-W0161/56.99 | S6: =R6 -> AL-W0169/53.99 AL-W0150/53.99 AL-W0190B/53.99 AL-W0161/56.99 | T6: =S6 -> AL-W0169/53.99 AL-W0150/53.99 AL-W0190B/53.99 AL-W0161/56.99 | U6: 53.99 | V6: 53.99 | W6: 5 | X6: 10 | Y6: 5 | Z6: 已注册 | AA6: 证书资料已归档 | AB6: 复古水洗加绒 | AD6: https://www.tiktok.com/@shop/product/1729439482671567205
A7: TK | B7: Faiable Fashion | C7: US | D7: 1729439597925077349 | E7: AL-W0169 | F7: 次推款 | G7: B | H7: 常规运营 | I7: 老品,平销 | J7: 秋,冬 | K7: 邹徐夏子 | L7: 张筱敏 | M7: 无 | N7: 暂不涉及 | P7: 邹徐夏子 | Q7: =VLOOKUP(E7,Sheet1!A:C,2,0) -> 99.99 | R7: =VLOOKUP(E7,Sheet1!A:C,3,0) -> AL-W0169/53.99 AL-W0150/53.99 AL-W0190B/53.99 AL-W0161/56.99 | S7: =R7 -> AL-W0169/53.99 AL-W0150/53.99 AL-W0190B/53.99 AL-W0161/56.99 | T7: =S7 -> AL-W0169/53.99 AL-W0150/53.99 AL-W0190B/53.99 AL-W0161/56.99 | U7: 53.99 | V7: 53.99 | W7: 5 | X7: 10 | Y7: 5 | Z7: 已注册 | AA7: 证书资料已归档 | AB7: 复古水洗加绒 | AD7: https://www.tiktok.com/@shop/product/1729439597925077349
A8: TK | B8: Faiable Fashion | C8: US | D8: 1729774299176145253 | E8: AL-W0169 | F8: 矩阵 | G8: C | H8: 基础运营 | I8: 老品,平销 | J8: 秋,冬 | K8: 邹徐夏子 | L8: 张筱敏 | M8: 无 | N8: 暂不涉及 | P8: 邹徐夏子 | Q8: =VLOOKUP(E8,Sheet1!A:C,2,0) -> 99.99 | R8: =VLOOKUP(E8,Sheet1!A:C,3,0) -> AL-W0169/53.99 AL-W0150/53.99 AL-W0190B/53.99 AL-W0161/56.99 | S8: =R8 -> AL-W0169/53.99 AL-W0150/53.99 AL-W0190B/53.99 AL-W0161/56.99 | T8: =S8 -> AL-W0169/53.99 AL-W0150/53.99 AL-W0190B/53.99 AL-W0161/56.99 | U8: 53.99 | V8: 53.99 | W8: 5 | X8: 10 | Y8: 5 | Z8: 已注册 | AA8: 证书资料已归档 | AB8: 复古水洗加绒 | AD8: https://www.tiktok.com/@shop/product/1729774299176145253
A9: TK | B9: Faiable Fashion | C9: US | D9: 1729474842401476965 | E9: AL-W0169 | F9: 矩阵 | G9: C | H9: 基础运营 | I9: 老品,平销 | J9: 秋,冬 | K9: 邹徐夏子 | L9: 张筱敏 | M9: 无 | N9: 暂不涉及 | P9: 邹徐夏子 | Q9: =VLOOKUP(E9,Sheet1!A:C,2,0) -> 99.99 | R9: =VLOOKUP(E9,Sheet1!A:C,3,0) -> AL-W0169/53.99 AL-W0150/53.99 AL-W0190B/53.99 AL-W0161/56.99 | S9: =R9 -> AL-W0169/53.99 AL-W0150/53.99 AL-W0190B/53.99 AL-W0161/56.99 | T9: =S9 -> AL-W0169/53.99 AL-W0150/53.99 AL-W0190B/53.99 AL-W0161/56.99 | U9: 53.99 | V9: 53.99 | W9: 5 | X9: 10 | Y9: 5 | Z9: 已注册 | AA9: 证书资料已归档 | AB9: 复古水洗加绒 | AD9: https://www.tiktok.com/@shop/product/1729474842401476965
A10: TK | B10: Faiable Fashion | C10: US | D10: 1731651328712937829 | E10: AL-W0169 | F10: 矩阵 | G10: C | H10: 基础运营 | I10: 老品,平销 | J10: 秋,冬 | K10: 邹徐夏子 | L10: 张筱敏 | M10: 无 | N10: 暂不涉及 | P10: 邹徐夏子 | Q10: =VLOOKUP(E10,Sheet1!A:C,2,0) -> 99.99 | R10: =VLOOKUP(E10,Sheet1!A:C,3,0) -> AL-W0169/53.99 AL-W0150/53.99 AL-W0190B/53.99 AL-W0161/56.99 | S10: =R10 -> AL-W0169/53.99 AL-W0150/53.99 AL-W0190B/53.99 AL-W0161/56.99 | T10: =S10 -> AL-W0169/53.99 AL-W0150/53.99 AL-W0190B/53.99 AL-W0161/56.99 | U10: 53.99 | V10: 53.99 | W10: 5 | X10: 10 | Y10: 5 | Z10: 已注册 | AA10: 证书资料已归档 | AB10: 复古水洗加绒 | AD10: https://www.tiktok.com/@shop/product/1731651328712937829
A11: TK | B11: Faiable Fashion | C11: US | D11: 1729876924660552037 | E11: AL-W0169 | F11: 矩阵 | G11: C | H11: 基础运营 | I11: 老品,平销 | J11: 秋,冬 | K11: 邹徐夏子 | L11: 张筱敏 | M11: 无 | N11: 暂不涉及 | P11: 邹徐夏子 | Q11: =VLOOKUP(E11,Sheet1!A:C,2,0) -> 99.99 | R11: =VLOOKUP(E11,Sheet1!A:C,3,0) -> AL-W0169/53.99 AL-W0150/53.99 AL-W0190B/53.99 AL-W0161/56.99 | S11: =R11 -> AL-W0169/53.99 AL-W0150/53.99 AL-W0190B/53.99 AL-W0161/56.99 | T11: =S11 -> AL-W0169/53.99 AL-W0150/53.99 AL-W0190B/53.99 AL-W0161/56.99 | U11: 53.99 | V11: 53.99 | W11: 5 | X11: 10 | Y11: 5 | Z11: 已注册 | AA11: 证书资料已归档 | AB11: 复古水洗加绒 | AD11: https://www.tiktok.com/@shop/product/1729876924660552037
A12: TK | B12: Faiable Fashion | C12: US | D12: 1729773126172578149 | E12: AL-W0161 | F12: 商务主推款 | G12: A | H12: 重点运营 | I12: 老品,热销 | J12: 秋,冬 | K12: 邹徐夏子 | L12: 魏芷颖 | M12: 无 | N12: 暂不涉及 | P12: 邹徐夏子 | Q12: =VLOOKUP(E12,Sheet1!A:C,2,0) -> 99.99 | R12: =VLOOKUP(E12,Sheet1!A:C,3,0) -> AL-W0169/53.99 AL-W0150/53.99 AL-W0190B/53.99 AL-W0161/56.99 | S12: =R12 -> AL-W0169/53.99 AL-W0150/53.99 AL-W0190B/53.99 AL-W0161/56.99 | T12: =S12 -> AL-W0169/53.99 AL-W0150/53.99 AL-W0190B/53.99 AL-W0161/56.99 | U12: 56.99 | V12: 56.99 | W12: 5 | X12: 10 | Y12: 5 | Z12: 已注册 | AA12: 证书资料已归档 | AB12: 复古水洗双拉连加绒 | AD12: https://www.tiktok.com/@shop/product/1729773126172578149
A13: TK | B13: Faiable Fashion | C13: US | D13: 1730674849392267621 | E13: AL-W0161 | F13: 剪辑主推款 | G13: A | H13: 重点运营 | I13: 老品,热销 | J13: 秋,冬 | K13: 邹徐夏子 | L13: 魏芷颖 | M13: 无 | N13: 剪辑全员 | P13: 邹徐夏子 | Q13: =VLOOKUP(E13,Sheet1!A:C,2,0) -> 99.99 | R13: =VLOOKUP(E13,Sheet1!A:C,3,0) -> AL-W0169/53.99 AL-W0150/53.99 AL-W0190B/53.99 AL-W0161/56.99 | S13: =R13 -> AL-W0169/53.99 AL-W0150/53.99 AL-W0190B/53.99 AL-W0161/56.99 | T13: =S13 -> AL-W0169/53.99 AL-W0150/53.99 AL-W0190B/53.99 AL-W0161/56.99 | U13: 56.99 | V13: 56.99 | W13: 5 | X13: 10 | Y13: 5 | Z13: 已注册 | AA13: 证书资料已归档 | AB13: 复古水洗双拉连加绒 | AD13: https://www.tiktok.com/@shop/product/1730674849392267621
A14: TK | B14: Faiable Fashion | C14: US | D14: 1731077240963502437 | E14: AL-W0161 | F14: 矩阵 | G14: C | H14: 基础运营 | I14: 老品,平销 | J14: 秋,冬 | K14: 邹徐夏子 | L14: 魏芷颖 | M14: 无 | N14: 暂不涉及 | P14: 邹徐夏子 | Q14: =VLOOKUP(E14,Sheet1!A:C,2,0) -> 99.99 | R14: =VLOOKUP(E14,Sheet1!A:C,3,0) -> AL-W0169/53.99 AL-W0150/53.99 AL-W0190B/53.99 AL-W0161/56.99 | S14: =R14 -> AL-W0169/53.99 AL-W0150/53.99 AL-W0190B/53.99 AL-W0161/56.99 | T14: =S14 -> AL-W0169/53.99 AL-W0150/53.99 AL-W0190B/53.99 AL-W0161/56.99 | U14: 56.99 | V14: 56.99 | W14: 5 | X14: 10 | Y14: 5 | Z14: 已注册 | AA14: 证书资料已归档 | AB14: 复古水洗双拉连加绒 | AD14: https://www.tiktok.com/@shop/product/1731077240963502437
A15: TK | B15: Faiable Fashion | C15: US | D15: 1731651043684028773 | E15: AL-W0161 | F15: 次推款 | G15: B | H15: 常规运营 | I15: 老品,平销 | J15: 秋,冬 | K15: 邹徐夏子 | L15: 魏芷颖 | M15: 无 | N15: 暂不涉及 | P15: 邹徐夏子 | Q15: =VLOOKUP(E15,Sheet1!A:C,2,0) -> 99.99 | R15: =VLOOKUP(E15,Sheet1!A:C,3,0) -> AL-W0169/53.99 AL-W0150/53.99 AL-W0190B/53.99 AL-W0161/56.99 | S15: =R15 -> AL-W0169/53.99 AL-W0150/53.99 AL-W0190B/53.99 AL-W0161/56.99 | T15: =S15 -> AL-W0169/53.99 AL-W0150/53.99 AL-W0190B/53.99 AL-W0161/56.99 | U15: 56.99 | V15: 56.99 | W15: 5 | X15: 10 | Y15: 5 | Z15: 已注册 | AA15: 证书资料已归档 | AB15: 复古水洗双拉连加绒 | AD15: https://www.tiktok.com/@shop/product/1731651043684028773
A16: TK | B16: Faiable Fashion | C16: US | D16: 1731657241623302501 | E16: AL-W0180 | F16: 商务主推款 | G16: A | H16: 重点运营 | I16: 老品,热销 | J16: 秋,冬 | K16: 邹徐夏子 | L16: 陈圻 | M16: 无 | N16: 暂不涉及 | P16: 邹徐夏子 | Q16: =VLOOKUP(E16,Sheet1!A:C,2,0) -> 99.99 | R16: =VLOOKUP(E16,Sheet1!A:C,3,0) -> 56.99 | S16: =R16 -> 56.99 | T16: =S16 -> 56.99 | U16: 56.99 | V16: =U16 -> 56.99 | W16: 5 | X16: 10 | Y16: 5 | Z16: 已注册 | AA16: 证书资料已归档 | AB16: 复古水洗半拉连加绒 | AD16: https://www.tiktok.com/@shop/product/1731657241623302501
A17: TK | B17: Faiable Fashion | C17: US | D17: 1731902422767866213 | E17: AL-W0180 | F17: 剪辑主推款 | G17: A | H17: 重点运营 | I17: 老品,热销 | J17: 秋,冬 | K17: 邹徐夏子 | L17: 陈圻 | M17: 无 | N17: 剪辑全员 | P17: 邹徐夏子 | Q17: =VLOOKUP(E17,Sheet1!A:C,2,0) -> 99.99 | R17: =VLOOKUP(E17,Sheet1!A:C,3,0) -> 56.99 | S17: =R17 -> 56.99 | T17: =S17 -> 56.99 | U17: 56.99 | V17: =U17 -> 56.99 | W17: 5 | X17: 10 | Y17: 5 | Z17: 已注册 | AA17: 证书资料已归档 | AB17: 复古水洗半拉连加绒 | AD17: https://www.tiktok.com/@shop/product/1731902422767866213
A18: TK | B18: Faiable Fashion | C18: US | D18: 1729474118118249829 | E18: AL-W0180 | F18: 矩阵 | G18: C | H18: 基础运营 | I18: 老品,平销 | J18: 秋,冬 | K18: 邹徐夏子 | L18: 陈圻 | M18: 无 | N18: 暂不涉及 | P18: 邹徐夏子 | Q18: =VLOOKUP(E18,Sheet1!A:C,2,0) -> 99.99 | R18: =VLOOKUP(E18,Sheet1!A:C,3,0) -> 56.99 | S18: =R18 -> 56.99 | T18: =S18 -> 56.99 | U18: 56.99 | V18: =U18 -> 56.99 | W18: 5 | X18: 10 | Y18: 5 | Z18: 已注册 | AA18: 证书资料已归档 | AB18: 复古水洗半拉连加绒 | AD18: https://www.tiktok.com/@shop/product/1729474118118249829
A19: TK | B19: Faiable Fashion | C19: US | D19: 1731186747983171941 | E19: AL-W0518 | F19: 主推款 | G19: A | H19: 重点运营 | I19: 老品,热销 | J19: 春,夏 | K19: 邹徐夏子 | L19: 暂不涉及 | M19: 无 | N19: 剪辑全员 | P19: 邹徐夏子 | Q19: =VLOOKUP(E19,Sheet1!A:C,2,0) -> 36.99 | R19: =VLOOKUP(E19,Sheet1!A:C,3,0) -> 19.99 | S19: =R19 -> 19.99 | T19: =S19 -> 19.99 | U19: =T19 -> 19.99 | V19: =U19 -> 19.99 | W19: 5 | X19: 10 | Y19: 5 | Z19: 已注册 | AA19: 证书资料已归档 | AB19: 轻便卷边半透明 | AD19: https://www.tiktok.com/@shop/product/1731186747983171941
A20: TK | B20: Faiable Fashion | C20: US | D20: 1731777596597178725 | E20: AL-W0518 | F20: 矩阵 | G20: C | H20: 基础运营 | I20: 老品,平销 | J20: 春,夏 | K20: 邹徐夏子 | L20: 暂不涉及 | M20: 无 | N20: 暂不涉及 | P20: 邹徐夏子 | Q20: =VLOOKUP(E20,Sheet1!A:C,2,0) -> 36.99 | R20: =VLOOKUP(E20,Sheet1!A:C,3,0) -> 19.99 | S20: =R20 -> 19.99 | T20: =S20 -> 19.99 | U20: =T20 -> 19.99 | V20: =U20 -> 19.99 | W20: 5 | X20: 10 | Y20: 5 | Z20: 已注册 | AA20: 证书资料已归档 | AB20: 轻便卷边半透明 | AD20: https://www.tiktok.com/@shop/product/1731777596597178725
A21: TK | B21: Faiable Fashion | C21: US | D21: 1729439778991083877 | E21: AL-W0190B | F21: 清仓款 | G21: D | H21: 基础运营 | I21: 老品,滞销 | J21: 秋,冬 | K21: 邹徐夏子 | L21: 暂不涉及 | M21: 无 | N21: 暂不涉及 | P21: 邹徐夏子 | Q21: =VLOOKUP(E21,Sheet1!A:C,2,0) -> 99.99 | R21: =VLOOKUP(E21,Sheet1!A:C,3,0) -> 53.99 | S21: =R21 -> 53.99 | T21: =S21 -> 53.99 | U21: =T21 -> 53.99 | V21: =U21 -> 53.99 | W21: 5 | X21: 10 | Y21: 5 | Z21: 已注册 | AA21: 证书资料已归档 | AB21: 复古水洗加绒 | AD21: https://www.tiktok.com/@shop/product/1729439778991083877
A22: TK | B22: Faiable Fashion | C22: US | D22: 1729445816792093029 | E22: AL-W0190B | F22: 矩阵 | G22: C | H22: 基础运营 | I22: 老品,滞销 | J22: 秋,冬 | K22: 邹徐夏子 | L22: 暂不涉及 | M22: 无 | N22: 暂不涉及 | P22: 邹徐夏子 | Q22: =VLOOKUP(E22,Sheet1!A:C,2,0) -> 99.99 | R22: =VLOOKUP(E22,Sheet1!A:C,3,0) -> 53.99 | S22: =R22 -> 53.99 | T22: =S22 -> 53.99 | U22: =T22 -> 53.99 | V22: =U22 -> 53.99 | W22: 5 | X22: 10 | Y22: 5 | Z22: 已注册 | AA22: 证书资料已归档 | AB22: 复古水洗加绒 | AD22: https://www.tiktok.com/@shop/product/1729445816792093029
A23: TK | B23: Faiable Fashion | C23: US | D23: 1731652088708829541 | E23: AL-W0190B | F23: 矩阵 | G23: C | H23: 基础运营 | I23: 老品,滞销 | J23: 秋,冬 | K23: 邹徐夏子 | L23: 暂不涉及 | M23: 无 | N23: 暂不涉及 | P23: 邹徐夏子 | Q23: =VLOOKUP(E23,Sheet1!A:C,2,0) -> 99.99 | R23: =VLOOKUP(E23,Sheet1!A:C,3,0) -> 53.99 | S23: =R23 -> 53.99 | T23: =S23 -> 53.99 | U23: =T23 -> 53.99 | V23: =U23 -> 53.99 | W23: 5 | X23: 10 | Y23: 5 | Z23: 已注册 | AA23: 证书资料已归档 | AB23: 复古水洗加绒 | AD23: https://www.tiktok.com/@shop/product/1731652088708829541
A24: TK | B24: Faiable Fashion | C24: US | D24: 1729446258071540069 | E24: AL-W0190B | F24: 矩阵 | G24: C | H24: 基础运营 | I24: 老品,滞销 | J24: 秋,冬 | K24: 邹徐夏子 | L24: 暂不涉及 | M24: 无 | N24: 暂不涉及 | P24: 邹徐夏子 | Q24: =VLOOKUP(E24,Sheet1!A:C,2,0) -> 99.99 | R24: =VLOOKUP(E24,Sheet1!A:C,3,0) -> 53.99 | S24: =R24 -> 53.99 | T24: =S24 -> 53.99 | U24: =T24 -> 53.99 | V24: =U24 -> 53.99 | W24: 5 | X24: 10 | Y24: 5 | Z24: 已注册 | AA24: 证书资料已归档 | AB24: 复古水洗加绒 | AD24: https://www.tiktok.com/@shop/product/1729446258071540069
A25: TK | B25: Faiable Fashion | C25: US | D25: 1729442841715118437 | E25: AL-W0150 | F25: 清仓款 | G25: D | H25: 基础运营 | I25: 老品,滞销 | J25: 秋,冬 | K25: 邹徐夏子 | L25: 暂不涉及 | M25: 无 | N25: 暂不涉及 | P25: 邹徐夏子 | Q25: =VLOOKUP(E25,Sheet1!A:C,2,0) -> 69.99 | R25: =VLOOKUP(E25,Sheet1!A:C,3,0) -> 53.99 | S25: =R25 -> 53.99 | T25: =S25 -> 53.99 | U25: =T25 -> 53.99 | V25: =U25 -> 53.99 | W25: 5 | X25: 10 | Y25: 5 | Z25: 已注册 | AA25: 证书资料已归档 | AB25: 复古水洗加绒 | AD25: https://www.tiktok.com/@shop/product/1729442841715118437
A26: TK | B26: Faiable Fashion | C26: US | D26: 1729441624458432869 | E26: AL-W0150 | F26: 矩阵 | G26: C | H26: 基础运营 | I26: 老品,滞销 | J26: 秋,冬 | K26: 邹徐夏子 | L26: 暂不涉及 | M26: 无 | N26: 暂不涉及 | P26: 邹徐夏子 | Q26: =VLOOKUP(E26,Sheet1!A:C,2,0) -> 69.99 | R26: =VLOOKUP(E26,Sheet1!A:C,3,0) -> 53.99 | S26: =R26 -> 53.99 | T26: =S26 -> 53.99 | U26: =T26 -> 53.99 | V26: =U26 -> 53.99 | W26: 5 | X26: 10 | Y26: 5 | Z26: 已注册 | AA26: 证书资料已归档 | AB26: 复古水洗加绒 | AD26: https://www.tiktok.com/@shop/product/1729441624458432869
A27: TK | B27: Faiable Fashion | C27: US | D27: 1731653782107951461 | E27: AL-W0150 | F27: 矩阵 | G27: C | H27: 基础运营 | I27: 老品,滞销 | J27: 秋,冬 | K27: 邹徐夏子 | L27: 暂不涉及 | M27: 无 | N27: 暂不涉及 | P27: 邹徐夏子 | Q27: =VLOOKUP(E27,Sheet1!A:C,2,0) -> 69.99 | R27: =VLOOKUP(E27,Sheet1!A:C,3,0) -> 53.99 | S27: =R27 -> 53.99 | T27: =S27 -> 53.99 | U27: =T27 -> 53.99 | V27: =U27 -> 53.99 | W27: 5 | X27: 10 | Y27: 5 | Z27: 已注册 | AA27: 证书资料已归档 | AB27: 复古水洗加绒 | AD27: https://www.tiktok.com/@shop/product/1731653782107951461
A28: TK | B28: Faiable Fashion | C28: US | D28: 1729439383361524069 | E28: AL-W0150 | F28: 矩阵 | G28: C | H28: 基础运营 | I28: 老品,滞销 | J28: 秋,冬 | K28: 邹徐夏子 | L28: 暂不涉及 | M28: 无 | N28: 暂不涉及 | P28: 邹徐夏子 | Q28: =VLOOKUP(E28,Sheet1!A:C,2,0) -> 69.99 | R28: =VLOOKUP(E28,Sheet1!A:C,3,0) -> 53.99 | S28: =R28 -> 53.99 | T28: =S28 -> 53.99 | U28: =T28 -> 53.99 | V28: =U28 -> 53.99 | W28: 5 | X28: 10 | Y28: 5 | Z28: 已注册 | AA28: 证书资料已归档 | AB28: 复古水洗加绒 | AD28: https://www.tiktok.com/@shop/product/1729439383361524069
A29: TK | B29: Faiable Fashion | C29: US | D29: 1732152447352541541 | E29: ALYMX-DROPSW | F29: 滞销款 | G29: D | H29: 基础运营 | I29: 老品,滞销 | J29: 秋,冬 | K29: 邹徐夏子 | L29: 暂不涉及 | M29: 无 | N29: 暂不涉及 | P29: 邹徐夏子 | Q29: =VLOOKUP(E29,Sheet1!A:C,2,0) -> 49.99 | R29: =VLOOKUP(E29,Sheet1!A:C,3,0) -> 39.99 | S29: =R29 -> 39.99 | T29: =S29 -> 39.99 | U29: =T29 -> 39.99 | V29: =U29 -> 39.99 | W29: 5 | X29: 10 | Y29: 5 | Z29: 已注册 | AA29: 证书资料已归档 | AB29: 短款v领复古水洗 | AD29: https://www.tiktok.com/@shop/product/1732152447352541541
A30: TK | B30: Faiable Fashion | C30: US | D30: 1729439569128755557 | E30: ALYMX-DROPSW | F30: 矩阵 | G30: C | H30: 基础运营 | I30: 老品,滞销 | J30: 秋,冬 | K30: 邹徐夏子 | L30: 暂不涉及 | M30: 无 | N30: 暂不涉及 | P30: 邹徐夏子 | Q30: =VLOOKUP(E30,Sheet1!A:C,2,0) -> 49.99 | R30: =VLOOKUP(E30,Sheet1!A:C,3,0) -> 39.99 | S30: =R30 -> 39.99 | T30: =S30 -> 39.99 | U30: =T30 -> 39.99 | V30: =U30 -> 39.99 | W30: 5 | X30: 10 | Y30: 5 | Z30: 已注册 | AA30: 证书资料已归档 | AB30: 短款v领复古水洗 | AD30: https://www.tiktok.com/@shop/product/1729439569128755557
... A36: TK | B36: Faiable Fashion | C36: US | D36: 1730664352968905061 | E36: AL-W0199 | F36: 矩阵 | G36: C | H36: 基础运营 | I36: 老品,平销 | J36: 秋,冬 | K36: 邹徐夏子 | L36: 暂不涉及 | M36: 无 | N36: 暂不涉及 | P36: 邹徐夏子 | Q36: =VLOOKUP(E36,Sheet1!A:C,2,0) -> 69.99 | R36: =VLOOKUP(E36,Sheet1!A:C,3,0) -> 53.99 | S36: =R36 -> 53.99 | T36: =S36 -> 53.99 | U36: =T36 -> 53.99 | V36: =U36 -> 53.99 | W36: 5 | X36: 10 | Y36: 5 | Z36: 已注册 | AA36: 证书资料已归档 | AB36: 情人节 | AD36: https://www.tiktok.com/@shop/product/1730664352968905061
A37: TK | B37: Faiable Fashion | C37: US | D37: 1730614794040807781 | E37: AL-W2467 | F37: 清仓款 | G37: D | H37: 基础运营 | I37: 老品,滞销 | J37: 秋,冬 | K37: 邹徐夏子 | L37: 暂不涉及 | M37: 无 | N37: 暂不涉及 | P37: 邹徐夏子 | Q37: =VLOOKUP(E37,Sheet1!A:C,2,0) -> 69.99 | R37: =VLOOKUP(E37,Sheet1!A:C,3,0) -> 53.99 | S37: =R37 -> 53.99 | T37: =S37 -> 53.99 | U37: =T37 -> 53.99 | V37: =U37 -> 53.99 | W37: 5 | X37: 10 | Y37: 5 | Z37: 已注册 | AA37: 证书资料已归档 | AD37: https://www.tiktok.com/@shop/product/1730614794040807781
A38: TK | B38: Faiable Fashion | C38: US | D38: 1730673744405238117 | E38: AL-W2467 | F38: 矩阵 | G38: C | H38: 基础运营 | I38: 老品,滞销 | J38: 秋,冬 | K38: 邹徐夏子 | L38: 暂不涉及 | M38: 无 | N38: 暂不涉及 | P38: 邹徐夏子 | Q38: =VLOOKUP(E38,Sheet1!A:C,2,0) -> 69.99 | R38: =VLOOKUP(E38,Sheet1!A:C,3,0) -> 53.99 | S38: =R38 -> 53.99 | T38: =S38 -> 53.99 | U38: =T38 -> 53.99 | V38: =U38 -> 53.99 | W38: 5 | X38: 10 | Y38: 5 | Z38: 已注册 | AA38: 证书资料已归档 | AD38: https://www.tiktok.com/@shop/product/1730673744405238117
A39: TK | B39: Faiable Fashion | C39: US | D39: 1729799431028707685 | E39: AL-1138 | F39: 清仓款 | G39: D | H39: 基础运营 | I39: 老品,滞销 | J39: 秋,冬 | K39: 邹徐夏子 | L39: 暂不涉及 | M39: 无 | N39: 暂不涉及 | P39: 邹徐夏子 | Q39: =VLOOKUP(E39,Sheet1!A:C,2,0) -> 59.99 | R39: =VLOOKUP(E39,Sheet1!A:C,3,0) -> 49.99 | S39: =R39 -> 49.99 | T39: =S39 -> 49.99 | U39: =T39 -> 49.99 | V39: =U39 -> 49.99 | W39: 5 | X39: 10 | Y39: 5 | Z39: 已注册 | AA39: 证书资料已归档 | AB39: 复古水洗加绒 | AD39: https://www.tiktok.com/@shop/product/1729799431028707685
A40: TK | B40: Faiable Fashion | C40: US | D40: 1729941138102063461 | E40: AL-1138 | F40: 矩阵 | G40: C | H40: 基础运营 | I40: 老品,滞销 | J40: 秋,冬 | K40: 邹徐夏子 | L40: 暂不涉及 | M40: 无 | N40: 暂不涉及 | P40: 邹徐夏子 | Q40: =VLOOKUP(E40,Sheet1!A:C,2,0) -> 59.99 | R40: =VLOOKUP(E40,Sheet1!A:C,3,0) -> 49.99 | S40: =R40 -> 49.99 | T40: =S40 -> 49.99 | U40: =T40 -> 49.99 | V40: =U40 -> 49.99 | W40: 5 | X40: 10 | Y40: 5 | Z40: 已注册 | AA40: 证书资料已归档 | AB40: 复古水洗加绒 | AD40: https://www.tiktok.com/@shop/product/1729941138102063461
A41: TK | B41: Faiable Fashion | C41: US | D41: 1730569205741031781 | E41: AL-W1189 | F41: 清仓款 | G41: D | H41: 基础运营 | I41: 老品,滞销 | J41: 秋,冬 | K41: 邹徐夏子 | L41: 暂不涉及 | M41: 无 | N41: 暂不涉及 | P41: 邹徐夏子 | Q41: =VLOOKUP(E41,Sheet1!A:C,2,0) -> 69.99 | R41: =VLOOKUP(E41,Sheet1!A:C,3,0) -> 53.99 | S41: =R41 -> 53.99 | T41: =S41 -> 53.99 | U41: =T41 -> 53.99 | V41: =U41 -> 53.99 | W41: 5 | X41: 10 | Y41: 5 | Z41: 已注册 | AA41: 证书资料已归档 | AB41: 复古水洗加绒 | AD41: https://www.tiktok.com/@shop/product/1730569205741031781
A42: TK | B42: Faiable Fashion | C42: US | D42: 1730664447555899749 | E42: AL-W1189 | F42: 矩阵 | G42: C | H42: 基础运营 | I42: 老品,滞销 | J42: 秋,冬 | K42: 邹徐夏子 | L42: 暂不涉及 | M42: 无 | N42: 暂不涉及 | P42: 邹徐夏子 | Q42: =VLOOKUP(E42,Sheet1!A:C,2,0) -> 69.99 | R42: =VLOOKUP(E42,Sheet1!A:C,3,0) -> 53.99 | S42: =R42 -> 53.99 | T42: =S42 -> 53.99 | U42: =T42 -> 53.99 | V42: =U42 -> 53.99 | W42: 5 | X42: 10 | Y42: 5 | Z42: 已注册 | AA42: 证书资料已归档 | AB42: 复古水洗加绒 | AD42: https://www.tiktok.com/@shop/product/1730664447555899749
A43: TK | B43: Faiable Fashion | C43: US | D43: 1730075990024360293 | E43: AL-WT2404 | F43: 次推款 | G43: B | H43: 常规运营 | I43: 老品,滞销 | J43: 秋,冬 | K43: 邹徐夏子 | L43: 暂不涉及 | M43: 无 | N43: 暂不涉及 | P43: 邹徐夏子 | Q43: =VLOOKUP(E43,Sheet1!A:C,2,0) -> 65.99 | R43: 45.99 | S43: 45.99 | T43: 45.99 | U43: 45.99 | V43: =U43 -> 45.99 | W43: 5 | X43: 10 | Y43: 5 | Z43: 已注册 | AA43: 证书资料已归档 | AB43: 复古水洗加绒斜肩 | AD43: https://www.tiktok.com/@shop/product/1730075990024360293
A44: TK | B44: Faiable Fashion | C44: US | D44: 1730216955590185317 | E44: AL-SZ2405 | F44: 次推款 | G44: B | H44: 常规运营 | I44: 老品,滞销 | J44: 秋,冬 | K44: 邹徐夏子 | L44: 暂不涉及 | M44: 无 | N44: 暂不涉及 | P44: 邹徐夏子 | Q44: =VLOOKUP(E44,Sheet1!A:C,2,0) -> 65.99 | R44: 45.99 | S44: 45.99 | T44: 45.99 | U44: 45.99 | V44: =U44 -> 45.99 | W44: 5 | X44: 10 | Y44: 5 | Z44: 已注册 | AA44: 证书资料已归档 | AB44: 复古水洗加绒斜肩 | AD44: https://www.tiktok.com/@shop/product/1730216955590185317
A45: TK | B45: Faiable Fashion | C45: US | D45: 1730064296603062629 | E45: AL-WY2410 | F45: 清仓款 | G45: D | H45: 基础运营 | I45: 老品,滞销 | J45: 秋,冬 | K45: 邹徐夏子 | L45: 暂不涉及 | M45: 无 | N45: 暂不涉及 | P45: 邹徐夏子 | Q45: =VLOOKUP(E45,Sheet1!A:C,2,0) -> 69.99 | R45: =VLOOKUP(E45,Sheet1!A:C,3,0) -> 45.99 | S45: =R45 -> 45.99 | T45: =S45 -> 45.99 | U45: 53.99 | V45: =U45 -> 53.99 | W45: 5 | X45: 10 | Y45: 5 | Z45: 已注册 | AA45: 证书资料已归档 | AD45: https://www.tiktok.com/@shop/product/1730064296603062629
A46: TK | B46: Faiable Fashion | C46: US | D46: 1731902417480421733 | E46: N26 | F46: 测试款 | G46: C | H46: 基础运营 | I46: 新品,滞销 | J46: 四季 | K46: 邹徐夏子 | L46: 暂不涉及 | M46: 无 | N46: 暂不涉及 | P46: 邹徐夏子 | Q46: =VLOOKUP(E46,Sheet1!A:C,2,0) -> 66.65 | R46: =VLOOKUP(E46,Sheet1!A:C,3,0) -> 39.99 | S46: =R46 -> 39.99 | T46: =S46 -> 39.99 | V46: =U46 -> 0 | W46: 5 | X46: 10 | Y46: 5 | Z46: 未注册 | AB46: 弯刀牛仔 | AD46: https://www.tiktok.com/@shop/product/1732187779687616869
A47: TK | B47: Faiable Fashion | C47: US | D47: 1732187779687616869 | E47: AL-W0166 | F47: 主推款 | G47: A | H47: 重点运营 | I47: 新品 ,平销 | J47: 秋,冬 | K47: 邹徐夏子 | L47: 朱佳文 | M47: 无 | N47: 剪辑全员 | P47: 邹徐夏子 | Q47: =VLOOKUP(E47,Sheet1!A:C,2,0) -> 69.99 | R47: =VLOOKUP(E47,Sheet1!A:C,3,0) -> 39.99 | S47: =R47 -> 39.99 | T47: =S47 -> 39.99 | U47: =VLOOKUP(E47,Sheet2!A:B,2,0) -> 39.99 | V47: =U47 -> 39.99 | W47: 5 | X47: 10 | Y47: 5 | Z47: 已注册 | AA47: 证书资料已归档 | AB47: 复古水洗加绒 | AD47: https://www.tiktok.com/@shop/product/1732209935812170085
A48: TK | B48: Faiable Fashion | C48: US | D48: 1732209935812170085 | E48: AL-W0166 | F48: 矩阵 | G48: C | H48: 基础运营 | I48: 新品 ,平销 | J48: 秋,冬 | K48: 邹徐夏子 | L48: 朱佳文 | M48: 无 | N48: 暂不涉及 | P48: 邹徐夏子 | Q48: =VLOOKUP(E48,Sheet1!A:C,2,0) -> 69.99 | R48: =VLOOKUP(E48,Sheet1!A:C,3,0) -> 39.99 | S48: =R48 -> 39.99 | T48: =S48 -> 39.99 | U48: =VLOOKUP(E48,Sheet2!A:B,2,0) -> 39.99 | V48: =U48 -> 39.99 | W48: 5 | X48: 10 | Y48: 5 | Z48: 已注册 | AA48: 证书资料已归档 | AB48: 复古水洗加绒 | AD48: https://www.tiktok.com/@shop/product/1732020914348724581
A49: TK | B49: Faiable Fashion | C49: US | D49: 1732020914348724581 | E49: AL-W5558 | F49: 主推款 | G49: A | H49: 重点运营 | I49: 新品,热销 | J49: 秋,冬 | K49: 邹徐夏子 | L49: 李昕岚 | M49: 无 | N49: 暂不涉及 | P49: 邹徐夏子 | Q49: =VLOOKUP(E49,Sheet1!A:C,2,0) -> 66.65 | R49: =VLOOKUP(E49,Sheet1!A:C,3,0) -> 39.99 | S49: =R49 -> 39.99 | T49: =S49 -> 39.99 | U49: =VLOOKUP(E49,Sheet2!A:B,2,0) -> 36.99 | V49: =U49 -> 36.99 | W49: 5 | X49: 10 | Y49: 5 | Z49: 已注册 | AA49: 证书资料已归档 | AB49: 华夫格复古水洗 | AD49: https://www.tiktok.com/@shop/product/1732020753369305445
A50: TK | B50: Faiable Fashion | C50: US | D50: 1732020753369305445 | E50: AL-W5558 | F50: 矩阵 | G50: C | H50: 基础运营 | I50: 新品 ,平销 | J50: 秋,冬 | K50: 邹徐夏子 | L50: 李昕岚 | M50: 无 | N50: 暂不涉及 | P50: 邹徐夏子 | Q50: =VLOOKUP(E50,Sheet1!A:C,2,0) -> 66.65 | R50: =VLOOKUP(E50,Sheet1!A:C,3,0) -> 39.99 | S50: =R50 -> 39.99 | T50: =S50 -> 39.99 | U50: =VLOOKUP(E50,Sheet2!A:B,2,0) -> 36.99 | V50: =U50 -> 36.99 | W50: 5 | X50: 10 | Y50: 5 | Z50: 已注册 | AA50: 证书资料已归档 | AB50: 华夫格复古水洗 | AD50: https://www.tiktok.com/@shop/product/1732394029123277157
A51: TK | B51: Faiable Fashion | C51: US | D51: 1732098548955844965 | E51: E24B0386 | F51: 滞销款 | G51: D | H51: 基础运营 | I51: 新品,滞销 | J51: 夏 | K51: 邹徐夏子 | L51: 暂不涉及 | M51: 无 | N51: 暂不涉及 | P51: 邹徐夏子 | Q51: 66.99 | R51: 29.99 | S51: =R51 -> 29.99 | T51: =S51 -> 29.99 | U51: =T51 -> 29.99 | V51: =U51 -> 29.99 | W51: 5 | X51: 10 | Y51: 5 | Z51: 未注册 | AB51: 弹力可调节肩带 | AD51: https://www.tiktok.com/@shop/product/1731902417480421733
A52: TK | B52: Faiable Fashion | C52: US | D52: 1732182659844116837 | E52: E24B0386 | F52: 矩阵 | G52: C | H52: 基础运营 | I52: 新品,滞销 | J52: 夏 | K52: 邹徐夏子 | L52: 暂不涉及 | M52: 无 | N52: 暂不涉及 | P52: 邹徐夏子 | Q52: 66.99 | R52: 29.99 | S52: =R52 -> 29.99 | T52: =S52 -> 29.99 | U52: =T52 -> 29.99 | V52: =U52 -> 29.99 | W52: 5 | X52: 10 | Y52: 5 | Z52: 未注册 | AB52: 弹力可调节肩带 | AD52: https://www.tiktok.com/@shop/product/1732098548955844965
A53: TK | B53: Faiable Fashion | C53: US | D53: 1732230247357911397 | E53: AL-DG6491 | F53: 滞销款 | G53: D | H53: 基础运营 | I53: 新品,滞销 | J53: 四季 | K53: 邹徐夏子 | L53: 暂不涉及 | M53: 无 | N53: 暂不涉及 | P53: 邹徐夏子 | Q53: =VLOOKUP(E53,Sheet1!A:C,2,0) -> 94.99 | R53: =VLOOKUP(E53,Sheet1!A:C,3,0) -> 56.99 | S53: =R53 -> 56.99 | T53: =S53 -> 56.99 | U53: =VLOOKUP(E53,Sheet2!A:B,2,0) -> 53.99 | V53: =U53 -> 53.99 | W53: 5 | X53: 10 | Y53: 5 | Z53: 未注册 | AB53: 弯刀牛仔 | AD53: https://www.tiktok.com/@shop/product/1732182659844116837
A54: TK | B54: Faiable Fashion | C54: US | D54: 1732251391221993829 | E54: E25V1779 | F54: 滞销款 | G54: D | H54: 基础运营 | I54: 新品,滞销 | J54: 春,秋 | K54: 邹徐夏子 | L54: 暂不涉及 | M54: 无 | N54: 暂不涉及 | P54: 邹徐夏子 | Q54: =VLOOKUP(E54,Sheet1!A:C,2,0) -> 44.99 | R54: =VLOOKUP(E54,Sheet1!A:C,3,0) -> 26.99 | S54: =R54 -> 26.99 | T54: =S54 -> 26.99 | V54: =U54 -> 0 | W54: 5 | X54: 10 | Y54: 5 | Z54: 未注册 | AD54: https://www.tiktok.com/@shop/product/1732230247357911397
A55: TK | B55: Faiable Fashion | C55: US | D55: 1732246184753598821 | E55: YMHF-SJJ | F55: 测试款 | G55: C | H55: 基础运营 | I55: 新品,滞销 | J55: 秋,冬 | K55: 邹徐夏子 | L55: 暂不涉及 | M55: 无 | N55: 暂不涉及 | P55: 邹徐夏子 | Q55: 36.99 | R55: 18.99 | S55: =R55 -> 18.99 | T55: =S55 -> 18.99 | V55: =U55 -> 0 | W55: 5 | X55: 10 | Y55: 5 | Z55: 未注册 | AD55: https://www.tiktok.com/@shop/product/1732251391221993829
A56: TK | B56: Faiable Fashion | C56: US | D56: 1732272260938764645 | E56: AL-MP016 | F56: 主推款 | G56: A | H56: 重点运营 | I56: 新品 ,平销 | J56: 四季 | K56: 邹徐夏子 | L56: 李昕岚 | M56: 无 | N56: 剪辑全员 | P56: 邹徐夏子 | Q56: 66.99 | R56: 39.99 | S56: =R56 -> 39.99 | T56: =S56 -> 39.99 | U56: =VLOOKUP(E56,Sheet2!A:B,2,0) -> 35.99 | V56: =U56 -> 35.99 | W56: 5 | X56: 10 | Y56: 5 | Z56: 未注册 | AD56: https://www.tiktok.com/@shop/product/1732246184753598821
A57: TK | B57: Faiable Fashion | C57: US | D57: 1732375613369127269 | E57: AL-MP016 | F57: 矩阵 | G57: C | H57: 基础运营 | I57: 新品,滞销 | J57: 四季 | K57: 邹徐夏子 | L57: 李昕岚 | M57: 无 | N57: 暂不涉及 | P57: 邹徐夏子 | Q57: 66.99 | R57: 39.99 | S57: =R57 -> 39.99 | T57: =S57 -> 39.99 | U57: =VLOOKUP(E57,Sheet2!A:B,2,0) -> 35.99 | V57: =U57 -> 35.99 | W57: 5 | X57: 10 | Y57: 5 | Z57: 未注册 | AD57: https://www.tiktok.com/@shop/product/1732272260938764645
A58: TK | B58: Faiable Fashion | C58: US | D58: 1732040737338659173 | E58: AL-W8517 | F58: 滞销款 | G58: D | H58: 基础运营 | I58: 新品,滞销 | J58: 夏 | K58: 邹徐夏子 | L58: 暂不涉及 | M58: 无 | N58: 暂不涉及 | P58: 邹徐夏子 | Q58: =VLOOKUP(E58,Sheet1!A:C,2,0) -> 54.98 | R58: =VLOOKUP(E58,Sheet1!A:C,3,0) -> 29.99 | S58: =R58 -> 29.99 | T58: =S58 -> 29.99 | U58: =VLOOKUP(E58,Sheet2!A:B,2,0) -> 29.99 | V58: =U58 -> 29.99 | W58: 5 | X58: 10 | Y58: 5 | Z58: 未注册 | AD58: https://www.tiktok.com/@shop/product/1732375613369127269
A59: TK | B59: Faiable Fashion | C59: US | D59: 1732225212294271333 | E59: AL-W8517 | F59: 矩阵 | G59: C | H59: 基础运营 | I59: 新品,滞销 | J59: 夏 | K59: 邹徐夏子 | L59: 暂不涉及 | M59: 无 | N59: 暂不涉及 | P59: 邹徐夏子 | Q59: =VLOOKUP(E59,Sheet1!A:C,2,0) -> 54.98 | R59: =VLOOKUP(E59,Sheet1!A:C,3,0) -> 29.99 | S59: =R59 -> 29.99 | T59: =S59 -> 29.99 | U59: =VLOOKUP(E59,Sheet2!A:B,2,0) -> 29.99 | V59: =U59 -> 29.99 | W59: 5 | X59: 10 | Y59: 5 | Z59: 未注册 | AD59: https://www.tiktok.com/@shop/product/1732040737338659173
A60: TK | B60: Faiable Fashion | C60: US | D60: 1729505142934443365 | E60: AL-W8517 | F60: 矩阵 | G60: C | H60: 基础运营 | I60: 新品,滞销 | J60: 夏 | K60: 邹徐夏子 | L60: 暂不涉及 | M60: 无 | N60: 暂不涉及 | P60: 邹徐夏子 | Q60: =VLOOKUP(E60,Sheet1!A:C,2,0) -> 54.98 | R60: =VLOOKUP(E60,Sheet1!A:C,3,0) -> 29.99 | S60: =R60 -> 29.99 | T60: =S60 -> 29.99 | U60: =VLOOKUP(E60,Sheet2!A:B,2,0) -> 29.99 | V60: =U60 -> 29.99 | W60: 5 | X60: 10 | Y60: 5 | Z60: 未注册 | AD60: https://www.tiktok.com/@shop/product/1732225212294271333
A61: TK | B61: Faiable Fashion | C61: US | D61: 1732266528214847845 | E61: AL-JH011 | F61: 滞销款 | G61: D | H61: 基础运营 | I61: 新品,滞销 | J61: 夏 | K61: 邹徐夏子 | L61: 暂不涉及 | M61: 无 | N61: 暂不涉及 | P61: 邹徐夏子 | Q61: =VLOOKUP(E61,Sheet1!A:C,2,0) -> 49.99 | R61: =VLOOKUP(E61,Sheet1!A:C,3,0) -> 29.99 | S61: =R61 -> 29.99 | T61: =S61 -> 29.99 | U61: =VLOOKUP(E61,Sheet2!A:B,2,0) -> 29.99 | V61: =U61 -> 29.99 | W61: 5 | X61: 10 | Y61: 5 | Z61: 未注册 | AD61: https://www.tiktok.com/@shop/product/1729505142934443365
A62: TK | B62: Faiable Fashion | C62: US | D62: 1729505288586302821 | E62: AL-JH011 | F62: 矩阵 | G62: C | H62: 基础运营 | I62: 新品,滞销 | J62: 夏 | K62: 邹徐夏子 | L62: 暂不涉及 | M62: 无 | N62: 暂不涉及 | P62: 邹徐夏子 | Q62: =VLOOKUP(E62,Sheet1!A:C,2,0) -> 49.99 | R62: =VLOOKUP(E62,Sheet1!A:C,3,0) -> 29.99 | S62: =R62 -> 29.99 | T62: =S62 -> 29.99 | U62: =VLOOKUP(E62,Sheet2!A:B,2,0) -> 29.99 | V62: =U62 -> 29.99 | W62: 5 | X62: 10 | Y62: 5 | Z62: 未注册 | AD62: https://www.tiktok.com/@shop/product/1732266528214847845
A63: TK | B63: Faiable Fashion | C63: US | D63: 1732115747017101669 | E63: AL-W7512 | F63: 滞销款 | G63: D | H63: 基础运营 | I63: 新品,滞销 | J63: 夏 | K63: 邹徐夏子 | L63: 暂不涉及 | M63: 无 | N63: 暂不涉及 | P63: 邹徐夏子 | Q63: =VLOOKUP(E63,Sheet1!A:C,2,0) -> 58.99 | R63: =VLOOKUP(E63,Sheet1!A:C,3,0) -> 32.99 | S63: =R63 -> 32.99 | T63: =S63 -> 32.99 | U63: =VLOOKUP(E63,Sheet2!A:B,2,0) -> 32.99 | V63: =U63 -> 32.99 | W63: 5 | X63: 10 | Y63: 5 | Z63: 未注册 | AD63: https://www.tiktok.com/@shop/product/1729505288586302821
A64: TK | B64: Faiable Fashion | C64: US | D64: 1729505308233078117 | E64: AL-W7512 | F64: 矩阵 | G64: C | H64: 基础运营 | I64: 新品,滞销 | J64: 夏 | K64: 邹徐夏子 | L64: 暂不涉及 | M64: 无 | N64: 暂不涉及 | P64: 邹徐夏子 | Q64: =VLOOKUP(E64,Sheet1!A:C,2,0) -> 58.99 | R64: =VLOOKUP(E64,Sheet1!A:C,3,0) -> 32.99 | S64: =R64 -> 32.99 | T64: =S64 -> 32.99 | U64: =VLOOKUP(E64,Sheet2!A:B,2,0) -> 32.99 | V64: =U64 -> 32.99 | W64: 5 | X64: 10 | Y64: 5 | Z64: 未注册 | AD64: https://www.tiktok.com/@shop/product/1732115747017101669
A65: TK | B65: Faiable Fashion | C65: US | D65: 1732115971871904101 | E65: AL-MMTZ02 | F65: 滞销款 | G65: D | H65: 基础运营 | I65: 新品,滞销 | J65: 夏 | K65: 邹徐夏子 | L65: 暂不涉及 | M65: 无 | N65: 暂不涉及 | P65: 邹徐夏子 | Q65: =VLOOKUP(E65,Sheet1!A:C,2,0) -> 63.99 | R65: =VLOOKUP(E65,Sheet1!A:C,3,0) -> 35.99 | S65: =R65 -> 35.99 | T65: =S65 -> 35.99 | U65: =VLOOKUP(E65,Sheet2!A:B,2,0) -> 37.99 | V65: =U65 -> 37.99 | W65: 5 | X65: 10 | Y65: 5 | Z65: 未注册 | AD65: https://www.tiktok.com/@shop/product/1729505308233078117
A66: TK | B66: Faiable Fashion | C66: US | D66: 1729506811958826341 | E66: AL-MMTZ02 | F66: 矩阵 | G66: C | H66: 基础运营 | I66: 新品,滞销 | J66: 夏 | K66: 邹徐夏子 | L66: 暂不涉及 | M66: 无 | N66: 暂不涉及 | P66: 邹徐夏子 | Q66: =VLOOKUP(E66,Sheet1!A:C,2,0) -> 63.99 | R66: =VLOOKUP(E66,Sheet1!A:C,3,0) -> 35.99 | S66: =R66 -> 35.99 | T66: =S66 -> 35.99 | U66: =VLOOKUP(E66,Sheet2!A:B,2,0) -> 37.99 | V66: =U66 -> 37.99 | W66: 5 | X66: 10 | Y66: 5 | Z66: 未注册 | AD66: https://www.tiktok.com/@shop/product/1732115971871904101
A67: TK | B67: Faiable Fashion | C67: US | D67: 1729476636146111845 | E67: AL-MMTZ02 | F67: 矩阵 | G67: C | H67: 基础运营 | I67: 新品,滞销 | J67: 夏 | K67: 邹徐夏子 | L67: 暂不涉及 | M67: 无 | N67: 暂不涉及 | P67: 邹徐夏子 | Q67: =VLOOKUP(E67,Sheet1!A:C,2,0) -> 63.99 | R67: =VLOOKUP(E67,Sheet1!A:C,3,0) -> 35.99 | S67: =R67 -> 35.99 | T67: =S67 -> 35.99 | U67: =VLOOKUP(E67,Sheet2!A:B,2,0) -> 37.99 | V67: =U67 -> 37.99 | W67: 5 | X67: 10 | Y67: 5 | Z67: 未注册 | AD67: https://www.tiktok.com/@shop/product/1729506811958826341
A68: TK | B68: Faiable Fashion | C68: US | D68: 1732144874045084005 | E68: AL-W0661 | F68: 滞销款 | G68: D | H68: 基础运营 | I68: 新品,滞销 | J68: 夏 | K68: 邹徐夏子 | L68: 暂不涉及 | M68: 无 | N68: 暂不涉及 | P68: 邹徐夏子 | Q68: =VLOOKUP(E68,Sheet1!A:C,2,0) -> 30.99 | R68: =VLOOKUP(E68,Sheet1!A:C,3,0) -> 19.99 | S68: =R68 -> 19.99 | T68: =S68 -> 19.99 | U68: =VLOOKUP(E68,Sheet2!A:B,2,0) -> 19.99 | V68: =U68 -> 19.99 | W68: 5 | X68: 10 | Y68: 5 | Z68: 未注册 | AD68: https://www.tiktok.com/@shop/product/1729476636146111845
A69: TK | B69: Faiable Fashion | C69: US | D69: 1729491901597521253 | E69: AL-W0661 | F69: 矩阵 | G69: C | H69: 基础运营 | I69: 新品,滞销 | J69: 夏 | K69: 邹徐夏子 | L69: 暂不涉及 | M69: 无 | N69: 暂不涉及 | P69: 邹徐夏子 | Q69: =VLOOKUP(E69,Sheet1!A:C,2,0) -> 30.99 | R69: =VLOOKUP(E69,Sheet1!A:C,3,0) -> 19.99 | S69: =R69 -> 19.99 | T69: =S69 -> 19.99 | U69: =VLOOKUP(E69,Sheet2!A:B,2,0) -> 19.99 | V69: =U69 -> 19.99 | W69: 5 | X69: 10 | Y69: 5 | Z69: 未注册 | AD69: https://www.tiktok.com/@shop/product/1732144874045084005
... A82: TK | B82: Faiable Fashion | C82: US | D82: 1729504421682582885 | E82: AL-W0668 | F82: 矩阵 | G82: C | H82: 基础运营 | I82: 新品,滞销 | J82: 夏 | K82: 邹徐夏子 | L82: 暂不涉及 | M82: 无 | N82: 暂不涉及 | P82: 邹徐夏子 | Q82: =VLOOKUP(E82,Sheet1!A:C,2,0) -> 24.99 | R82: =VLOOKUP(E82,Sheet1!A:C,3,0) -> 16.99 | S82: =R82 -> 16.99 | T82: =S82 -> 16.99 | U82: =VLOOKUP(E82,Sheet2!A:B,2,0) -> 14.99 | V82: =U82 -> 14.99 | W82: 5 | X82: 10 | Y82: 5 | Z82: 未注册 | AD82: https://www.tiktok.com/@shop/product/1732260770620281189
A83: TK | B83: Faiable Fashion | C83: US | D83: 1732196547374453093 | E83: AL-TZ2539 | F83: 测试款 | G83: C | H83: 基础运营 | I83: 新品,滞销 | J83: 秋,冬 | K83: 邹徐夏子 | L83: 暂不涉及 | M83: 无 | N83: 暂不涉及 | P83: 邹徐夏子 | Q83: =VLOOKUP(E83,Sheet1!A:C,2,0) -> 99.98 | R83: =VLOOKUP(E83,Sheet1!A:C,3,0) -> 59.99 | S83: =R83 -> 59.99 | T83: =S83 -> 59.99 | U83: 0 | V83: =U83 -> 0 | W83: 5 | X83: 10 | Y83: 5 | Z83: 未注册 | AD83: https://www.tiktok.com/@shop/product/1729504421682582885
A84: TK | B84: Faiable Fashion | C84: US | D84: 1732219831722938725 | E84: AL-TZ2432 | F84: 测试款 | G84: C | H84: 基础运营 | I84: 新品,滞销 | J84: 秋,冬 | K84: 邹徐夏子 | L84: 暂不涉及 | M84: 无 | N84: 暂不涉及 | P84: 邹徐夏子 | Q84: =VLOOKUP(E84,Sheet1!A:C,2,0) -> 94.99 | R84: =VLOOKUP(E84,Sheet1!A:C,3,0) -> 56.99 | S84: =R84 -> 56.99 | T84: =S84 -> 56.99 | U84: =VLOOKUP(E84,Sheet2!A:B,2,0) -> 56.99 | V84: =U84 -> 56.99 | W84: 5 | X84: 10 | Y84: 5 | Z84: 未注册 | AD84: https://www.tiktok.com/@shop/product/1732196547374453093
A85: TK | B85: Faiable Fashion | C85: US | D85: 1732069776864940389 | E85: manghe | F85: 直播赠品 | G85: D | H85: 基础运营 | I85: 新品,滞销 | J85: 四季 | K85: 邹徐夏子 | L85: 暂不涉及 | M85: 无 | N85: 暂不涉及 | P85: 邹徐夏子 | Q85: =VLOOKUP(E85,Sheet1!A:C,2,0) -> 99.99 | R85: =VLOOKUP(E85,Sheet1!A:C,3,0) -> 0 | S85: =R85 -> 0 | T85: =S85 -> 0 | V85: =U85 -> 0 | W85: 5 | X85: 10 | Y85: 5 | Z85: 未注册 | AD85: https://www.tiktok.com/@shop/product/1732219831722938725
A86: TK | B86: Faiable Fashion | C86: US | D86: 1732311429201236325 | E86: AL-W1162 | F86: 测试款 | G86: C | H86: 基础运营 | I86: 新品,滞销 | J86: 夏 | K86: 邹徐夏子 | L86: 暂不涉及 | M86: 无 | N86: 暂不涉及 | P86: 邹徐夏子 | Q86: =VLOOKUP(E86,Sheet1!A:C,2,0) -> 56.99 | R86: =VLOOKUP(E86,Sheet1!A:C,3,0) -> 32.99 | S86: =R86 -> 32.99 | T86: =S86 -> 32.99 | U86: =VLOOKUP(E86,Sheet2!A:B,2,0) -> 32.99 | V86: =U86 -> 32.99 | W86: 5 | X86: 10 | Y86: 5 | Z86: 未注册 | AD86: https://www.tiktok.com/@shop/product/1732069776864940389
A87: TK | B87: Faiable Fashion | C87: US | D87: 1732311566382567781 | E87: AL-W1165 | F87: 测试款 | G87: C | H87: 基础运营 | I87: 新品,滞销 | J87: 夏 | K87: 邹徐夏子 | L87: 暂不涉及 | M87: 无 | N87: 暂不涉及 | P87: 邹徐夏子 | Q87: =VLOOKUP(E87,Sheet1!A:C,2,0) -> 56.99 | R87: =VLOOKUP(E87,Sheet1!A:C,3,0) -> 32.99 | S87: =R87 -> 32.99 | T87: =S87 -> 32.99 | U87: =VLOOKUP(E87,Sheet2!A:B,2,0) -> 32.99 | V87: =U87 -> 32.99 | W87: 5 | X87: 10 | Y87: 5 | Z87: 未注册 | AD87: https://www.tiktok.com/@shop/product/1732311429201236325
A88: TK | B88: Faiable Fashion | C88: US | D88: 1732326936882155877 | E88: AL-W1162 | F88: 矩阵 | G88: C | H88: 基础运营 | I88: 新品,滞销 | J88: 夏 | K88: 邹徐夏子 | L88: 暂不涉及 | M88: 无 | N88: 暂不涉及 | P88: 邹徐夏子 | Q88: =VLOOKUP(E88,Sheet1!A:C,2,0) -> 56.99 | R88: =VLOOKUP(E88,Sheet1!A:C,3,0) -> 32.99 | S88: =R88 -> 32.99 | T88: =S88 -> 32.99 | U88: =VLOOKUP(E88,Sheet2!A:B,2,0) -> 32.99 | V88: =U88 -> 32.99 | W88: 5 | X88: 10 | Y88: 5 | Z88: 未注册 | AD88: https://www.tiktok.com/@shop/product/1732311566382567781
A89: TK | B89: Faiable Fashion | C89: US | D89: 1732322452170379621 | E89: AL-W6681 | F89: 测试款 | G89: C | H89: 基础运营 | I89: 新品,滞销 | J89: 夏 | K89: 邹徐夏子 | L89: 暂不涉及 | M89: 无 | N89: 暂不涉及 | P89: 邹徐夏子 | Q89: =VLOOKUP(E89,Sheet1!A:C,2,0) -> 45.99 | R89: =VLOOKUP(E89,Sheet1!A:C,3,0) -> 29.99 | S89: =R89 -> 29.99 | T89: =S89 -> 29.99 | U89: =VLOOKUP(E89,Sheet2!A:B,2,0) -> 25.99 | V89: =U89 -> 25.99 | W89: 5 | X89: 10 | Y89: 5 | Z89: 未注册 | AD89: https://www.tiktok.com/@shop/product/1732326936882155877
A90: TK | B90: Faiable Fashion | C90: US | D90: 1732322503160271205 | E90: AL-W1912 | F90: 测试款 | G90: C | H90: 基础运营 | I90: 新品,滞销 | J90: 夏 | K90: 邹徐夏子 | L90: 暂不涉及 | M90: 无 | N90: 暂不涉及 | P90: 邹徐夏子 | Q90: =VLOOKUP(E90,Sheet1!A:C,2,0) -> 49.99 | R90: =VLOOKUP(E90,Sheet1!A:C,3,0) -> 27.99 | S90: =R90 -> 27.99 | T90: =S90 -> 27.99 | U90: =VLOOKUP(E90,Sheet2!A:B,2,0) -> 27.99 | V90: =U90 -> 27.99 | W90: 5 | X90: 10 | Y90: 5 | Z90: 未注册 | AD90: https://www.tiktok.com/@shop/product/1732322452170379621
A91: TK | B91: Faiable Fashion | C91: US | D91: 1732355076848521573 | E91: AL-W1912 | F91: 矩阵 | G91: C | H91: 基础运营 | I91: 新品,滞销 | J91: 夏 | K91: 邹徐夏子 | L91: 暂不涉及 | M91: 无 | N91: 暂不涉及 | P91: 邹徐夏子 | Q91: =VLOOKUP(E91,Sheet1!A:C,2,0) -> 49.99 | R91: =VLOOKUP(E91,Sheet1!A:C,3,0) -> 27.99 | S91: =R91 -> 27.99 | T91: =S91 -> 27.99 | U91: =VLOOKUP(E91,Sheet2!A:B,2,0) -> 27.99 | V91: =U91 -> 27.99 | W91: 5 | X91: 10 | Y91: 5 | Z91: 未注册 | AD91: https://www.tiktok.com/@shop/product/1732322503160271205
A92: TK | B92: Faiable Fashion | C92: US | D92: 1732349403989053797 | E92: AL-W1168 | F92: 测试款 | G92: C | H92: 基础运营 | I92: 新品,滞销 | J92: 夏 | K92: 邹徐夏子 | L92: 暂不涉及 | M92: 无 | N92: 暂不涉及 | P92: 邹徐夏子 | Q92: =VLOOKUP(E92,Sheet1!A:C,2,0) -> 45.99 | R92: =VLOOKUP(E92,Sheet1!A:C,3,0) -> 29.99 | S92: =R92 -> 29.99 | T92: =S92 -> 29.99 | U92: =VLOOKUP(E92,Sheet2!A:B,2,0) -> 25.99 | V92: =U92 -> 25.99 | W92: 5 | X92: 10 | Y92: 5 | Z92: 未注册 | AD92: https://www.tiktok.com/@shop/product/1732355076848521573
A93: TK | B93: Faiable Fashion | C93: US | D93: 1732352791814115685 | E93: AL-W0126 | F93: 测试款 | G93: C | H93: 基础运营 | I93: 新品,滞销 | J93: 秋,冬 | K93: 邹徐夏子 | L93: 暂不涉及 | M93: 无 | N93: 暂不涉及 | P93: 邹徐夏子 | Q93: =VLOOKUP(E93,Sheet1!A:C,2,0) -> 79.99 | R93: =VLOOKUP(E93,Sheet1!A:C,3,0) -> 43.99 | S93: =R93 -> 43.99 | T93: =S93 -> 43.99 | U93: =VLOOKUP(E93,Sheet2!A:B,2,0) -> 43.99 | V93: =U93 -> 43.99 | W93: 5 | X93: 10 | Y93: 5 | Z93: 未注册 | AD93: https://www.tiktok.com/@shop/product/1732349403989053797
A94: TK | B94: Faiable Fashion | C94: US | D94: 1732358886692000101 | E94: AL-W0181 | F94: 主推款 | G94: A | H94: 重点运营 | I94: 新品 ,平销 | J94: 秋,冬 | K94: 邹徐夏子 | L94: 杨滨羽 | M94: 无 | N94: 剪辑全员 | P94: 邹徐夏子 | Q94: =VLOOKUP(E94,Sheet1!A:C,2,0) -> 99.99 | R94: =VLOOKUP(E94,Sheet1!A:C,3,0) -> 53.99 | S94: =R94 -> 53.99 | T94: =S94 -> 53.99 | U94: =VLOOKUP(E94,Sheet2!A:B,2,0) -> 53.99 | V94: =U94 -> 53.99 | W94: 5 | X94: 10 | Y94: 5 | Z94: 未注册 | AD94: https://www.tiktok.com/@shop/product/1732352791814115685
A95: TK | B95: Faiable Fashion | C95: US | D95: 1732358924023402853 | E95: AL-W0575 | F95: 主推款 | G95: A | H95: 重点运营 | I95: 新品 ,平销 | J95: 秋,冬 | K95: 邹徐夏子 | L95: 杨滨羽 | M95: 无 | N95: 剪辑全员 | P95: 邹徐夏子 | Q95: =VLOOKUP(E95,Sheet1!A:C,2,0) -> 89.99 | R95: =VLOOKUP(E95,Sheet1!A:C,3,0) -> 49.99 | S95: =R95 -> 49.99 | T95: =S95 -> 49.99 | U95: =VLOOKUP(E95,Sheet2!A:B,2,0) -> 49.99 | V95: =U95 -> 49.99 | W95: 5 | X95: 10 | Y95: 5 | Z95: 未注册 | AD95: https://www.tiktok.com/@shop/product/1732358886692000101
A96: TK | B96: Faiable Fashion | C96: US | D96: 1732361451172630885 | E96: AL-W0165 | F96: 测试款 | G96: C | H96: 基础运营 | I96: 新品,滞销 | J96: 秋,冬 | K96: 邹徐夏子 | L96: 暂不涉及 | M96: 无 | N96: 暂不涉及 | P96: 邹徐夏子 | Q96: =VLOOKUP(E96,Sheet1!A:C,2,0) -> 0 | R96: =VLOOKUP(E96,Sheet1!A:C,3,0) -> 29.99 | S96: =R96 -> 29.99 | T96: =S96 -> 29.99 | U96: =VLOOKUP(E96,Sheet2!A:B,2,0) -> 29.99 | V96: =U96 -> 29.99 | W96: 5 | X96: 10 | Y96: 5 | Z96: 未注册 | AD96: https://www.tiktok.com/@shop/product/1732358924023402853
A97: TK | B97: Faiable Fashion | C97: US | D97: 1732364463186284901 | E97: AL-W6679 | F97: 测试款 | G97: C | H97: 基础运营 | I97: 新品,滞销 | J97: 秋,冬 | K97: 邹徐夏子 | L97: 暂不涉及 | M97: 无 | N97: 暂不涉及 | P97: 邹徐夏子 | Q97: =VLOOKUP(E97,Sheet1!A:C,2,0) -> 0 | R97: =VLOOKUP(E97,Sheet1!A:C,3,0) -> 32.99 | S97: =R97 -> 32.99 | T97: =S97 -> 32.99 | U97: =VLOOKUP(E97,Sheet2!A:B,2,0) -> 32.99 | V97: =U97 -> 32.99 | W97: 5 | X97: 10 | Y97: 5 | Z97: 未注册 | AD97: https://www.tiktok.com/@shop/product/1732361451172630885
... A102: TK | B102: Faiable Fashion | C102: US | D102: 1732394892622205285 | E102: AL-W6676 | F102: 测试款 | G102: C | H102: 基础运营 | I102: 新品,滞销 | J102: 夏 | K102: 邹徐夏子 | L102: 暂不涉及 | M102: 无 | N102: 暂不涉及 | P102: 邹徐夏子 | Q102: =VLOOKUP(E102,Sheet1!A:C,2,0) -> 29.99 | R102: =VLOOKUP(E102,Sheet1!A:C,3,0) -> 16.99 | S102: =R102 -> 16.99 | T102: =S102 -> 16.99 | U102: =VLOOKUP(E102,Sheet2!A:B,2,0) -> 14.99 | V102: =U102 -> 14.99 | W102: 5 | X102: 10 | Y102: 5 | Z102: 未注册 | AD102: https://www.tiktok.com/@shop/product/1732388156517814629
A103: TK | B103: Faiable Fashion | C103: US | D103: 1732394029123277157 | E103: AL-W0161 | F103: 清仓款 | G103: D | H103: 基础运营 | I103: 老品,滞销 | J103: 秋冬 | K103: 邹徐夏子 | L103: 暂不涉及 | M103: 无 | N103: 暂不涉及 | P103: 邹徐夏子 | Q103: =VLOOKUP(E103,Sheet1!A:C,2,0) -> 99.99 | R103: =VLOOKUP(E103,Sheet1!A:C,3,0) -> AL-W0169/53.99 AL-W0150/53.99 AL-W0190B/53.99 AL-W0161/56.99 | S103: =R103 -> AL-W0169/53.99 AL-W0150/53.99 AL-W0190B/53.99 AL-W0161/56.99 | T103: =S103 -> AL-W0169/53.99 AL-W0150/53.99 AL-W0190B/53.99 AL-W0161/56.99 | U103: 56.99 | V103: =U103 -> 56.99 | W103: 5 | X103: 10 | Y103: 5 | Z103: 已注册 | AA103: 证书资料已归档 | AB103: 复古水洗双拉连加绒 | AD103: https://www.tiktok.com/@shop/product/1732394892622205285
A104: TK | B104: Faiable Fashion | C104: US | D104: 1732401367168291173 | E104: AL-HANZ06 | F104: 测试款 | G104: C | H104: 基础运营 | I104: 新品,滞销 | J104: 四季 | K104: 邹徐夏子 | L104: 暂不涉及 | M104: 无 | N104: 暂不涉及 | P104: 邹徐夏子 | Q104: =VLOOKUP(E104,Sheet1!A:C,2,0) -> 59.99 | R104: =VLOOKUP(E104,Sheet1!A:C,3,0) -> 35.99 | S104: =R104 -> 35.99 | T104: =S104 -> 35.99 | U104: =VLOOKUP(E104,Sheet2!A:B,2,0) -> 35.99 | V104: =U104 -> 35.99 | W104: 5 | X104: 10 | Y104: 5 | Z104: 未注册 | AD104: https://www.tiktok.com/@shop/product/1732401367168291173
A105: TK | B105: Faiable Fashion | C105: US | D105: 1732401458480648549 | E105: AL-HANZ03 | F105: 测试款 | G105: C | H105: 基础运营 | I105: 新品,滞销 | J105: 四季 | K105: 邹徐夏子 | L105: 暂不涉及 | M105: 无 | N105: 暂不涉及 | P105: 邹徐夏子 | Q105: =VLOOKUP(E105,Sheet1!A:C,2,0) -> 69.99 | R105: =VLOOKUP(E105,Sheet1!A:C,3,0) -> 39.99 | S105: =R105 -> 39.99 | T105: =S105 -> 39.99 | U105: =VLOOKUP(E105,Sheet2!A:B,2,0) -> 39.99 | V105: =U105 -> 39.99 | W105: 5 | X105: 10 | Y105: 5 | Z105: 未注册 | AD105: https://www.tiktok.com/@shop/product/1732401458480648549
A106: TK | B106: Faiable Fashion | C106: US | D106: 1732401458481697125 | E106: AL-HANZ01 | F106: 测试款 | G106: C | H106: 基础运营 | I106: 新品,滞销 | J106: 四季 | K106: 邹徐夏子 | L106: 暂不涉及 | M106: 无 | N106: 暂不涉及 | P106: 邹徐夏子 | Q106: =VLOOKUP(E106,Sheet1!A:C,2,0) -> 69.99 | R106: =VLOOKUP(E106,Sheet1!A:C,3,0) -> 39.99 | S106: =R106 -> 39.99 | T106: =S106 -> 39.99 | U106: =VLOOKUP(E106,Sheet2!A:B,2,0) -> 39.99 | V106: =U106 -> 39.99 | W106: 5 | X106: 10 | Y106: 5 | Z106: 未注册 | AD106: https://www.tiktok.com/@shop/product/1732401458481697125
A107: TK | B107: Faiable Fashion | C107: US | D107: 1732426646197997925 | E107: AL-W7780 | F107: 测试款 | G107: C | H107: 基础运营 | I107: 新品,滞销 | J107: 夏 | K107: 邹徐夏子 | L107: 暂不涉及 | M107: 无 | N107: 暂不涉及 | P107: 邹徐夏子 | Q107: 59.99 | R107: 32.99 | S107: =R107 -> 32.99 | T107: =S107 -> 32.99 | U107: =VLOOKUP(E107,Sheet2!A:B,2,0) -> 32.99 | V107: =U107 -> 32.99 | W107: 5 | X107: 10 | Y107: 5 | Z107: 未注册 | AD107: https://www.tiktok.com/@shop/product/1732426646197997925
A108: TK | B108: Faiable Fashion | C108: US | D108: 1732489017104240997 | E108: AL-W6693 | F108: 测试款 | G108: C | H108: 基础运营 | I108: 新品,滞销 | J108: 秋,冬 | K108: 邹徐夏子 | L108: 暂不涉及 | M108: 无 | N108: 暂不涉及 | P108: 邹徐夏子 | Q108: 79.99 | R108: 42.99 | S108: =R108 -> 42.99 | T108: =S108 -> 42.99 | U108: =VLOOKUP(E108,Sheet2!A:B,2,0) -> 39.99 | V108: =U108 -> 39.99 | W108: 5 | X108: 10 | Y108: 5 | Z108: 未注册 | AD108: https://www.tiktok.com/@shop/product/1732489017104240997
A109: TK | B109: Faiable Fashion | C109: US | D109: 1732457022542877029 | E109: AL-C5262 | F109: 测试款 | G109: C | H109: 基础运营 | I109: 新品,滞销 | J109: 夏 | K109: 邹徐夏子 | L109: 暂不涉及 | M109: 无 | N109: 剪辑全员 | P109: 邹徐夏子 | Q109: 79.99 | R109: =VLOOKUP(E109,Sheet1!A:C,3,0) -> 45.99 | S109: =R109 -> 45.99 | T109: =S109 -> 45.99 | V109: =U109 -> 0 | W109: 5 | X109: 10 | Y109: 5 | Z109: 未注册 | AD109: https://www.tiktok.com/@shop/product/1732457022542877029
A110: TK | B110: Faiable Fashion | C110: US | D110: 1732456925957296485 | E110: AL-C5286 | F110: 测试款 | G110: C | H110: 基础运营 | I110: 新品,滞销 | J110: 夏 | K110: 邹徐夏子 | L110: 暂不涉及 | M110: 无 | N110: 剪辑全员 | P110: 邹徐夏子 | Q110: 79.99 | R110: =VLOOKUP(E110,Sheet1!A:C,3,0) -> 45.99 | S110: =R110 -> 45.99 | T110: =S110 -> 45.99 | V110: =U110 -> 0 | W110: 5 | X110: 10 | Y110: 5 | Z110: 未注册 | AD110: https://www.tiktok.com/@shop/product/1732456925957296485
A111: TK | B111: Faiable Fashion | C111: US | D111: 1732457052692713829 | E111: AL-C5287 | F111: 主推款 | G111: A | H111: 重点运营 | I111: 新品 ,平销 | J111: 春,夏 | K111: 邹徐夏子 | L111: 魏芷颖 | M111: 无 | N111: 剪辑全员 | P111: 邹徐夏子 | Q111: 79.99 | R111: =VLOOKUP(E111,Sheet1!A:C,3,0) -> 45.99 | S111: =R111 -> 45.99 | T111: =S111 -> 45.99 | V111: =U111 -> 0 | W111: 5 | X111: 10 | Y111: 5 | Z111: 未注册 | AD111: https://www.tiktok.com/@shop/product/1732457052692713829
A112: TK | B112: Faiable Fashion | C112: US | D112: 1732466690634584421 | E112: AL-C6222B | F112: 测试款 | G112: C | H112: 基础运营 | I112: 新品,滞销 | J112: 四季 | K112: 邹徐夏子 | L112: 暂不涉及 | M112: 无 | N112: 吴宏璟 | P112: 邹徐夏子 | Q112: 79.99 | R112: =VLOOKUP(E112,Sheet1!A:C,3,0) -> 45.99 | S112: =R112 -> 45.99 | T112: =S112 -> 45.99 | V112: =U112 -> 0 | W112: 5 | X112: 10 | Y112: 5 | Z112: 未注册 | AD112: https://www.tiktok.com/@shop/product/1732466690634584421
A113: TK | B113: Faiable Fashion | C113: US | D113: 1732470539051897189 | E113: AL-C6222D | F113: 测试款 | G113: C | H113: 基础运营 | I113: 新品,滞销 | J113: 四季 | K113: 邹徐夏子 | L113: 暂不涉及 | M113: 无 | N113: 吴宏璟 | P113: 邹徐夏子 | Q113: 79.99 | R113: =VLOOKUP(E113,Sheet1!A:C,3,0) -> 45.99 | S113: =R113 -> 45.99 | T113: =S113 -> 45.99 | V113: =U113 -> 0 | W113: 5 | X113: 10 | Y113: 5 | Z113: 未注册 | AD113: https://www.tiktok.com/@shop/product/1732470539051897189
A114: TK | B114: Faiable Fashion | C114: US | D114: 1732470551654863205 | E114: AL-C6222F | F114: 测试款 | G114: C | H114: 基础运营 | I114: 新品,滞销 | J114: 四季 | K114: 邹徐夏子 | L114: 暂不涉及 | M114: 无 | N114: 张安妮 | P114: 邹徐夏子 | Q114: 79.99 | R114: =VLOOKUP(E114,Sheet1!A:C,3,0) -> 45.99 | S114: =R114 -> 45.99 | T114: =S114 -> 45.99 | V114: =U114 -> 0 | W114: 5 | X114: 10 | Y114: 5 | Z114: 未注册 | AD114: https://www.tiktok.com/@shop/product/1732470551654863205
A115: TK | B115: Faiable Fashion | C115: US | D115: 1732474662451056997 | E115: AL-C6223B | F115: 测试款 | G115: C | H115: 基础运营 | I115: 新品,滞销 | J115: 四季 | K115: 邹徐夏子 | L115: 暂不涉及 | M115: 无 | N115: 张安妮 | P115: 邹徐夏子 | Q115: 109.99 | R115: =VLOOKUP(E115,Sheet1!A:C,3,0) -> 65.99 | S115: =R115 -> 65.99 | T115: =S115 -> 65.99 | V115: =U115 -> 0 | W115: 5 | X115: 10 | Y115: 5 | Z115: 未注册 | AD115: https://www.tiktok.com/@shop/product/1732474662451056997
A116: TK | B116: Faiable Fashion | C116: US | D116: 1732474750720184677 | E116: AL-C6223C | F116: 测试款 | G116: C | H116: 基础运营 | I116: 新品,滞销 | J116: 四季 | K116: 邹徐夏子 | L116: 暂不涉及 | M116: 无 | N116: 王梓涛 | P116: 邹徐夏子 | Q116: 129.99 | R116: =VLOOKUP(E116,Sheet1!A:C,3,0) -> 75.99 | S116: =R116 -> 75.99 | T116: =S116 -> 75.99 | V116: =U116 -> 0 | W116: 5 | X116: 10 | Y116: 5 | Z116: 未注册 | AD116: https://www.tiktok.com/@shop/product/1732474750720184677
A117: TK | B117: Faiable Fashion | C117: US | D117: 1732478604044702053 | E117: AL-C6225B | F117: 测试款 | G117: C | H117: 基础运营 | I117: 新品,滞销 | J117: 四季 | K117: 邹徐夏子 | L117: 暂不涉及 | M117: 无 | N117: 黄澜 | P117: 邹徐夏子 | Q117: 99.99 | R117: =VLOOKUP(E117,Sheet1!A:C,3,0) -> 59.99 | S117: =R117 -> 59.99 | T117: =S117 -> 59.99 | V117: =U117 -> 0 | W117: 5 | X117: 10 | Y117: 5 | Z117: 未注册 | AD117: https://www.tiktok.com/@shop/product/1732478604044702053
A118: TK | B118: Faiable Fashion | C118: US | D118: 1732478626808762725 | E118: AL-C6229D | F118: 测试款 | G118: C | H118: 基础运营 | I118: 新品,滞销 | J118: 四季 | K118: 邹徐夏子 | L118: 暂不涉及 | M118: 无 | N118: 黄澜 | P118: 邹徐夏子 | Q118: 99.99 | R118: =VLOOKUP(E118,Sheet1!A:C,3,0) -> 56.99 | S118: =R118 -> 56.99 | T118: =S118 -> 56.99 | V118: =U118 -> 0 | W118: 5 | X118: 10 | Y118: 5 | Z118: 未注册 | AD118: https://www.tiktok.com/@shop/product/1732478626808762725
A119: TK | B119: Faiable Fashion | C119: US | D119: 1732482376758825317 | E119: AL-C6231A | F119: 测试款 | G119: C | H119: 基础运营 | I119: 新品,滞销 | J119: 四季 | K119: 邹徐夏子 | L119: 暂不涉及 | M119: 无 | N119: 双梦亭 | P119: 邹徐夏子 | Q119: 109.99 | R119: =VLOOKUP(E119,Sheet1!A:C,3,0) -> 65.99 | S119: =R119 -> 65.99 | T119: =S119 -> 65.99 | V119: =U119 -> 0 | W119: 5 | X119: 10 | Y119: 5 | Z119: 未注册 | AD119: https://www.tiktok.com/@shop/product/1732482376758825317
A120: TK | B120: Faiable Fashion | C120: US | D120: 1732482394951553381 | E120: AL-C6232A | F120: 测试款 | G120: C | H120: 基础运营 | I120: 新品,滞销 | J120: 四季 | K120: 邹徐夏子 | L120: 暂不涉及 | M120: 无 | N120: 双梦亭 | P120: 邹徐夏子 | Q120: 79.99 | R120: =VLOOKUP(E120,Sheet1!A:C,3,0) -> 45.99 | S120: =R120 -> 45.99 | T120: =S120 -> 45.99 | V120: =U120 -> 0 | W120: 5 | X120: 10 | Y120: 5 | Z120: 未注册 | AD120: https://www.tiktok.com/@shop/product/1732482394951553381
... A122: TK | B122: Faiable Fashion | C122: US | D122: 1732482426555175269 | E122: AL-C6251H | F122: 测试款 | G122: C | H122: 基础运营 | I122: 新品,滞销 | J122: 四季 | K122: 邹徐夏子 | L122: 暂不涉及 | M122: 无 | N122: 王梓涛 | P122: 邹徐夏子 | Q122: 99.99 | R122: =VLOOKUP(E122,Sheet1!A:C,3,0) -> 56.99 | S122: =R122 -> 56.99 | T122: =S122 -> 56.99 | V122: =U122 -> 0 | W122: 5 | X122: 10 | Y122: 5 | Z122: 未注册 | AD122: https://www.tiktok.com/@shop/product/1732482426555175269
...

Sheet 字段说明
A1: 接口字段名 | B1: 中文名 | C1: 类型 | D1: 是否导入保存 | E1: 是否必填 | F1: 字段说明 | G1: 示例
A2: platformCode | B2: 平台代码 | C2: 文本 | D2: 是 | E2: 是 | F2: 平台代码 | G2: TK
A3: storeName | B3: 所属店铺 | C3: 文本 | D3: 是 | E3: 是 | F3: 所属店铺 | G3: 示例店铺
A4: siteCode | B4: 站点代码 | C4: 文本 | D4: 否，只读返回字段 | E4: 否 | F4: 站点代码，详情返回字段 | G4: US
A5: pid | B5: PID / 商品 ID | C5: 文本 | D5: 是 | E5: 是 | F5: TikTok 商品 ID / 平台商品 ID | G5: PID_1729384756000000000
A6: sku | B6: SKU 编码 | C6: 文本 | D6: 是 | E6: 否 | F6: SKU 编码 | G6: SKU-001-BLACK-S
A7: spu | B7: 产品主 SPU | C7: 文本 | D7: 是 | E7: 否 | F7: 产品主 SPU | G7: SPU-001
A8: mainSku | B8: 产品主 SKU | C8: 文本 | D8: 是 | E8: 否 | F8: 产品主 SKU，价格归属该 SKU | G8: SKU-001-BLACK-S
A9: colorName | B9: 颜色 | C9: 文本 | D9: 是 | E9: 否 | F9: 颜色 | G9: 黑色
A10: sizeName | B10: 尺码 | C10: 文本 | D10: 是 | E10: 否 | F10: 尺码 | G10: S
A11: skuNameCn | B11: SKU 中文名 | C11: 文本 | D11: 是 | E11: 否 | F11: SKU 中文名 | G11: 示例商品 黑色 S
A12: sellableStockQty | B12: 可售库存 | C12: 整数 | D12: 否，只读返回字段 | E12: 否 | F12: 可售库存，详情返回字段，不参与保存 | G12: 128
A13: productNameCn | B13: 产品中文名 | C13: 文本 | D13: 是 | E13: 否 | F13: 产品中文名 | G13: 示例商品
A14: productStatus | B14: 商品状态 | C14: 文本 | D14: 是 | E14: 否 | F14: 商品状态 / 销售状态 | G14: 在售
A15: tkAuditStatus | B15: TK 审核状态 | C15: 文本 | D15: 否，只读返回字段 | E15: 否 | F15: TK 审核状态，只读，不参与保存 | G15: 审核通过
A16: pidUsage | B16: PID 作用 | C16: 文本 | D16: 是 | E16: 否 | F16: PID 作用 | G16: 主推款
A17: productBrand | B17: 产品品牌 | C17: 文本 | D17: 是 | E17: 否 | F17: 产品品牌 | G17: 示例品牌
A18: productCategory | B18: 产品品类 | C18: 文本 | D18: 是 | E18: 否 | F18: 产品品类 | G18: 服饰
A19: productOperationLevelName | B19: 商品运营级别 | C19: 文本 | D19: 是 | E19: 否 | F19: 商品运营级别 | G19: A
A20: productOperationStatusName | B20: 商品运营状态 | C20: 文本 | D20: 是 | E20: 否 | F20: 商品运营状态 | G20: 重点运营
A21: productTags | B21: 商品标签 | C21: 多值文本 | D21: 是 | E21: 否 | F21: 商品标签，多值用英文逗号分隔 | G21: 新品,热卖
A22: seasonTags | B22: 季节标签 | C22: 多值文本 | D22: 是 | E22: 否 | F22: 季节标签，多值用英文逗号分隔，可填：春,夏,秋,冬 | G22: 春,夏
A23: operatorOwner | B23: 负责运营 | C23: 文本 | D23: 是 | E23: 否 | F23: 负责运营 | G23: 张三
A24: businessOwner | B24: 负责商务 | C24: 文本 | D24: 是 | E24: 否 | F24: 负责商务 | G24: 李四
... A28: adOwner | B28: 投放负责人 | C28: 文本 | D28: 是 | E28: 否 | F28: 投放负责人 | G28: 孙八
A29: tagPrice | B29: 吊牌价 | C29: 小数 | D29: 是 | E29: 否 | F29: 吊牌价，保留 2 位小数 | G29: 29.99
A30: dailySalePrice | B30: 日常折线价 | C30: 小数 | D30: 是 | E30: 否 | F30: 日常折线价，保留 2 位小数 | G30: 24.99
A31: liveFlashPrice | B31: 直播间秒杀价 | C31: 小数 | D31: 是 | E31: 否 | F31: 直播间秒杀价，保留 2 位小数 | G31: 19.99
A32: campaignPrice | B32: 活动报名价 | C32: 小数 | D32: 是 | E32: 否 | F32: 活动报名价，保留 2 位小数 | G32: 21.99
A33: amazonPrice | B33: 亚马逊定价 | C33: 小数 | D33: 是 | E33: 否 | F33: 亚马逊定价，保留 2 位小数 | G33: 32.99
A34: sitePrice | B34: 独立站价格 | C34: 小数 | D34: 是 | E34: 否 | F34: 独立站价格，保留 2 位小数 | G34: 27.99
A35: publicCommissionRate | B35: 公开佣金比例 | C35: 小数 | D35: 是 | E35: 否 | F35: 公开佣金比例，按接口返回格式填写，如 10.00 | G35: 10
A36: targetCommissionRate | B36: 定向佣金比例 | C36: 小数 | D36: 是 | E36: 否 | F36: 定向佣金比例，按接口返回格式填写，如 12.00 | G36: 12
A37: adCommissionRate | B37: 广告佣金比例 | C37: 小数 | D37: 是 | E37: 否 | F37: 广告佣金比例，按接口返回格式填写，如 8.00 | G37: 8
A38: ippcRegisterStatus | B38: IPPC 注册情况 | C38: 文本 | D38: 是 | E38: 否 | F38: IPPC 注册情况 | G38: 已注册
A39: ippcRemark | B39: IPPC 情况说明 | C39: 长文本 | D39: 是 | E39: 否 | F39: IPPC 情况说明 | G39: 证书资料已归档
A40: productSellingPoints | B40: 产品卖点 | C40: 长文本 | D40: 是 | E40: 否 | F40: 产品卖点 | G40: 轻薄透气，适合夏季穿着
A41: productAnalysis | B41: 商品分析说明 | C41: 长文本 | D41: 是 | E41: 否 | F41: 商品分析说明 | G41: 适合短视频种草和直播间转化
A42: tkProductUrl | B42: TK 商品链接 | C42: URL | D42: 是 | E42: 否 | F42: TK 商品链接 | G42: https://www.tiktok.com/shop/pdp/example
A43: siteProductUrl | B43: 独立站商品链接 | C43: URL | D43: 是 | E43: 否 | F43: 独立站商品链接 | G43: https://example.com/products/demo
A44: mainImageUrl | B44: 主图 URL | C44: URL | D44: 是 | E44: 否 | F44: 主图 URL | G44: https://example.com/image.jpg
A45: assetFolderUrl | B45: 素材文件夹链接 | C45: URL | D45: 是 | E45: 否 | F45: 素材文件夹链接 | G45: https://example.com/folder/demo
A46: sourceUpdateDate | B46: 源数据更新日期 | C46: 日期文本 | D46: 否，只读返回字段 | E46: 否 | F46: 源数据更新日期，详情返回字段，不参与保存 | G46: 2026-07-23
A47: updatedTime | B47: 档案更新时间 | C47: 日期时间文本 | D47: 否，只读返回字段 | E47: 否 | F47: 档案更新时间，详情返回字段，不参与保存 | G47: 2026-07-23 10:30:00

Sheet 填写选项
A1: seasonTags 可选值
A2: 春
A3: 夏
A4: 秋
A5: 冬
A7: 填写说明
A8: 多选时在同一个单元格内用英文逗号分隔，例如：春,夏
A9: 只读字段来自详情返回，不参与保存导入，可留空

Sheet Sheet1
A1: AL-W0169 | B1: 99.99 | C1: AL-W0169/53.99 AL-W0150/53.99 AL-W0190B/53.99 AL-W0161/56.99
A2: AL-W0169 | B2: 69.99 | C2: 53.99
A3: AL-W0169 | B3: 99.99 | C3: AL-W0169/53.99 AL-W0150/53.99 AL-W0190B/53.99
A4: AL-W0169 | B4: 99.99 | C4: AL-W0169/53.99 AL-W0150/53.99 AL-W0190B/53.99 AL-W0161/56.99
A5: AL-W0169 | B5: 99.99 | C5: 53.99
A6: AL-W0169 | B6: 69.99 | C6: 53.99
A7: AL-W0161 | B7: 99.99 | C7: AL-W0169/53.99 AL-W0150/53.99 AL-W0190B/53.99 AL-W0161/56.99
A8: AL-W0161 | B8: 99.99 | C8: 56.99
A9: AL-W0161 | B9: 69.99 | C9: 56.99
A10: AL-W0161 | B10: 99.99 | C10: 56.99
A11: AL-W0180 | B11: 99.99 | C11: 56.99
A12: AL-W0180 | B12: 99.99 | C12: 56.99
A13: AL-W0180 | B13: 99.99 | C13: 56.99
A14: AL-W0518 | B14: 36.99 | C14: 19.99
A15: AL-W0518 | B15: 36.99 | C15: 19.99
A16: AL-W0190B | B16: 99.99 | C16: 53.99
A17: AL-W0190B | B17: 69.99 | C17: 53.99
A18: AL-W0190B | B18: 99.99 | C18: 53.99
A19: AL-W0190B | B19: 69.99 | C19: 53.99
... A22: AL-W0150 | B22: 99.99 | C22: 53.99
A23: AL-W0150 | B23: 69.99 | C23: AL-W0169/53.99 AL-W0150/53.99 AL-W0190B/53.99
A24: ALYMX-DROPSW | B24: 49.99 | C24: 39.99
A25: ALYMX-DROPSW | B25: 49.99 | C25: 39.99
A26: ALYMX-DROPSW | B26: 49.99 | C26: 39.99
A27: ALYMX-DROPSW | B27: 49.99 | C27: 39.99
A28: ALYMX-DROPSW | B28: 49.99 | C28: 39.99
A29: ALYMX-DROPSW | B29: 49.99 | C29: 39.99
A30: AL-W0199 | B30: 69.99 | C30: 53.99
A31: AL-W0199 | B31: 69.99 | C31: 53.99
A32: AL-W2467 | B32: 69.99 | C32: 53.99
A33: AL-W2467 | B33: 69.99 | C33: 53.99
A34: AL-1138 | B34: 59.99 | C34: 49.99
A35: AL-1138 | B35: 59.99 | C35: 49.99
... A37: AL-W1189 | B37: 69.99 | C37: 53.99
A38: AL-WT2404 | B38: 65.99 | C38: AL-SZ2405/45.99 AL-WT2404/45.99
A39: AL-SZ2405 | B39: 65.99 | C39: AL-SZ2405/45.99 AL-WT2404/45.99
A40: AL-WY2410 | B40: 69.99 | C40: 45.99
A41: N26 | B41: 66.65 | C41: 39.99
A42: AL-W0166 | B42: 69.99 | C42: 39.99
A43: AL-W0166 | B43: 69.99 | C43: 39.99
A44: AL-W5558 | B44: 66.65 | C44: 39.99
A45: AL-W5558 | B45: 66.65 | C45: 39.99
A46: E24B0386 | B46: 24.99/66.99 | C46: 14.99/29.99
A47: E24B0386 | B47: 24.99/66.99 | C47: 24.99/66.99
A48: AL-DG6491 | B48: 94.99 | C48: 56.99
A49: E25V1779 | B49: 44.99 | C49: 26.99
A50: YMHF-SJJ
A51: AL-MP016
A52: AL-MP016
A53: AL-W8517 | B53: 54.98 | C53: 29.99
A54: AL-W8517 | B54: 54.98 | C54: 29.99
A55: AL-W8517 | B55: 54.98 | C55: 29.99
A56: AL-JH011 | B56: 49.99 | C56: 29.99
A57: AL-JH011 | B57: 49.99 | C57: 29.99
A58: AL-W7512 | B58: 58.99 | C58: 32.99
A59: AL-W7512 | B59: 58.99 | C59: 32.99
A60: AL-MMTZ02 | B60: 63.99 | C60: 35.99
A61: AL-MMTZ02
A62: AL-MMTZ02 | B62: 63.99 | C62: 35.99
A63: AL-W0661 | B63: 30.99 | C63: 19.99
A64: AL-W0661 | B64: 30.99 | C64: 19.99
A65: AL-W0661 | B65: 30.99 | C65: 19.99
A66: AL-Z01 | B66: 75 | C66: 45.99
A67: AL-Z01 | B67: 75 | C67: 45.99
A68: AL-W0660 | B68: 29.99 | C68: 16.99
A69: AL-W0660 | B69: 29.99 | C69: 16.99
A70: AL-W0660 | B70: 29.99 | C70: 16.99
A71: AL-BX04 | B71: 54.99 | C71: 32.99
A72: AL-BX04 | B72: 54.99 | C72: 32.99
A73: AL-W0667 | B73: 26.99 | C73: 16.99
... A79: AL-TZ2432 | B79: 94.99 | C79: 56.99
A80: LT-HT83563PC/LT-HT8356 | B80: 26.99/76.99 | C80: 14.99/15.99/36.99/37.99
A81: LT-HT83563PC/LT-HT8356 | B81: 26.99/76.99 | C81: 14.99/15.99/36.99/37.99
A82: manghe | B82: 99.99
A83: AL-W1162 | B83: 56.99 | C83: 32.99
A84: AL-W1165 | B84: 56.99 | C84: 32.99
A85: AL-W1162 | B85: 45.99 | C85: 32.99
A86: AL-W6681 | B86: 45.99 | C86: 29.99
A87: AL-W1912 | B87: 49.99 | C87: 27.99
A88: AL-W1912
A89: AL-W1168 | B89: 45.99 | C89: 29.99
A90: AL-W0126 | B90: 79.99 | C90: 43.99
A91: AL-W0181 | B91: 99.99 | C91: 53.99
A92: AL-W0575 | B92: 89.99 | C92: 49.99
A93: AL-W0165 | C93: 29.99
A94: AL-W6679 | C94: 32.99
A95: AL-W6666 | C95: 49.99
A96: AL-W6680 | C96: 42.99
A97: AL-W6675 | B97: 39.99 | C97: 19.99
A98: AL-W6678 | B98: 49.99 | C98: 29.99
A99: AL-W6676 | B99: 29.99 | C99: 16.99
A100: AL-W0161
A101: AL-HANZ06 | B101: 59.99 | C101: 35.99
A102: AL-HANZ03 | B102: 69.99 | C102: 39.99
A103: AL-HANZ01 | B103: 69.99 | C103: 39.99
A104: AL-W7780
A105: AL-W6693
A106: AL-C5262 | C106: 45.99
A107: AL-C5286 | C107: 45.99
A108: AL-C5287 | C108: 45.99
...

Sheet Sheet2
A1: AL-W5558 | B1: 36.99
A2: AL-W0166 | B2: 39.99
A3: AL-BX04 | B3: 32.99
A4: AL-Z01 | B4: 39.99
A5: E24B03863PC | B5: 29.99
A6: AL-W0660 | B6: 14.99
A7: AL-W0661 | B7: 19.99
A8: AL-W0667 | B8: 14.99
A9: AL-W0668 | B9: 14.99
A10: AL-W8517 | B10: 29.99
A11: AL-JH011 | B11: 29.99
A12: AL-W7512 | B12: 32.99
... A14: AL-DG6491 | B14: 53.99
A15: E25T2012
A16: AL-EKWC
A17: AL-MMTZ02 | B17: 37.99
A18: AL-W1912 | B18: 27.99
A19: AL-HANZ06 | B19: 35.99
A20: AL-HANZ01 | B20: 39.99
A21: AL-HANZ03 | B21: 39.99
A22: AL-W0122 | B22: 35.99
A23: AL-W0126 | B23: 43.99
A24: AL-W0181 | B24: 53.99
A25: AL-W0575 | B25: 49.99
A26: AL-W6666 | B26: 49.99
A27: AL-W0165 | B27: 29.99
A28: AL-W6679 | B28: 32.99
... A75: C-6251H | B75: 56.99
A76: AL-W0780 | B76: /
A77: AL-W0781 | B77: /
A78: AL-W0782 | B78: /
A79: AL-W0588 | B79: 19.99
A80: AL-W6605 | B80: 19.99
A81: AL-W6612 | B81: 19.99
A82: AL-W6671 | B82: 19.99
A83: AL-W6872 | B83: 19.99
A84: AL-W6875 | B84: 19.99
A85: AL-W8102 | B85: 29.99
A86: AL-W8106 | B86: 23.99
A87: AL-W6613 | B87: 29.99
A88: AL-W6615 | B88: 19.99
A89: AL-W7001 | B89: 29.99
A90: C-6231E | B90: 57.99

Sheet Sheet3
A1: 1729552862134243370 | B1: 65.99 | C1: 45.99
A2: 1730406615022669866 | B2: 65.99 | C2: 45.99
A3: 1730731625513717802 | B3: 65.99 | C3: 45.99
A4: 1730073982466953258 | B4: 69.99 | C4: 56.99
A5: 1731941270275264554 | B5: 99.99 | C5: 56.99
A6: 1731942257152921642 | B6: 99.99 | C6: 56.99
A7: 1731952250585255978 | B7: 99.99 | C7: 53.99
A8: 1730210822250598442 | B8: 65.99 | C8: 45.99
A9: 1729608494787760170 | B9: 69.99 | C9: 53.99
A10: 1729553028425158698 | B10: 69.99 | C10: 53.99
A11: 1729548635084197930 | B11: 49.99 | C11: 39.99
A12: 1731934152814399530 | B12: 49.99 | C12: 39.99
A13: 1730068115010719786 | B13: 59.99 | C13: 49.99
A14: 1730076674489290794 | B14: 59.99 | C14: 45.99
A15: 1730575956299124778 | B15: 69.99 | C15: 45.99
A16: 1730576639159603242 | B16: 69.99 | C16: 53.99
A17: 1730627578650595370 | B17: 69.99 | C17: 53.99
A18: 1730631160004775978 | B18: 65.99 | C18: 49.99
A19: 1731634535437733930 | B19: 66.99 | C19: 42.99
A20: 1731676926776610858 | B20: 99.99 | C20: 59.99
A21: 1731993037739167786 | B21: 99.99 | C21: 59.99
A22: 1731993745678438442 | B22: 99.99 | C22: 59.99
... A39: 1729557973439255361 | B39: 69.99 | C39: 45.99
A40: 1730074813002519361 | B40: 65..99 | C40: AL-WT2404/37.99 AL-SZ2405/37.99
A41: 1730215849898644289 | B41: 65..99 | C41: 45.99
A42: 1731708662655652673 | B42: 99.99 | C42: 39.99
A43: 1729477305515610945 | B43: 69.99 | C43: 45.99
A44: 1729551730326016833 | B44: 69.99 | C44: 48.99
A45: 1730067579663455041 | B45: 59.99 | C45: 41.99
A46: 1730073695612736321 | B46: 49.99 | C46: 31.99
A47: 1730064798499050305 | B47: 59.99 | C47: 45.99
A48: 1730576065799230273 | B48: 69.99 | C48: 45.99
A49: 1730576464737112897 | B49: 69.99 | C49: 45.99
A50: 1730614856728089409 | B50: 69.99 | C50: 45.99
A51: 1730631155438097217 | B51: 65.99 | C51: 41.99
A52: 1731633998973276993 | B52: 66.99 | C52: 42.99
A53: 1731634006967948097 | B53: 79.99 | C53: 52.99
... A80: 1731996018253337409 | B80: 99.99 | C80: 59.99
